Região,Período,Casos_Hospitalares,Ano,Mês,Mês_Num,Data,Ano_Num,Trimestre,Semestre
Região Norte,2008/Jan,1.0,2008,Jan,1,2008-01-01,2008,1,1
Região Nordeste,2008/Jan,5.0,2008,Jan,1,2008-01-01,2008,1,1
Região Sudeste,2008/Jan,9.0,2008,Jan,1,2008-01-01,2008,1,1
Região Sul,2008/Jan,11.0,2008,Jan,1,2008-01-01,2008,1,1
Região Centro-Oeste,2008/Jan,,2008,Jan,1,2008-01-01,2008,1,1
Região Norte,2008/Fev,1.0,2008,Fev,2,2008-02-01,2008,1,1
Região Nordeste,2008/Fev,3.0,2008,Fev,2,2008-02-01,2008,1,1
Região Sudeste,2008/Fev,11.0,2008,Fev,2,2008-02-01,2008,1,1
Região Sul,2008/Fev,13.0,2008,Fev,2,2008-02-01,2008,1,1
Região Centro-Oeste,2008/Fev,,2008,Fev,2,2008-02-01,2008,1,1
Região Norte,2008/Mar,,2008,Mar,3,2008-03-01,2008,1,1
Região Nordeste,2008/Mar,5.0,2008,Mar,3,2008-03-01,2008,1,1
Região Sudeste,2008/Mar,23.0,2008,Mar,3,2008-03-01,2008,1,1
Região Sul,2008/Mar,5.0,2008,Mar,3,2008-03-01,2008,1,1
Região Centro-Oeste,2008/Mar,2.0,2008,Mar,3,2008-03-01,2008,1,1
Região Norte,2008/Abr,3.0,2008,Abr,4,2008-04-01,2008,2,1
Região Nordeste,2008/Abr,8.0,2008,Abr,4,2008-04-01,2008,2,1
Região Sudeste,2008/Abr,20.0,2008,Abr,4,2008-04-01,2008,2,1
Região Sul,2008/Abr,10.0,2008,Abr,4,2008-04-01,2008,2,1
Região Centro-Oeste,2008/Abr,2.0,2008,Abr,4,2008-04-01,2008,2,1
Região Norte,2008/Mai,3.0,2008,Mai,5,2008-05-01,2008,2,1
Região Nordeste,2008/Mai,10.0,2008,Mai,5,2008-05-01,2008,2,1
Região Sudeste,2008/Mai,21.0,2008,Mai,5,2008-05-01,2008,2,1
Região Sul,2008/Mai,12.0,2008,Mai,5,2008-05-01,2008,2,1
Região Centro-Oeste,2008/Mai,3.0,2008,Mai,5,2008-05-01,2008,2,1
Região Norte,2008/Jun,2.0,2008,Jun,6,2008-06-01,2008,2,1
Região Nordeste,2008/Jun,6.0,2008,Jun,6,2008-06-01,2008,2,1
Região Sudeste,2008/Jun,27.0,2008,Jun,6,2008-06-01,2008,2,1
Região Sul,2008/Jun,6.0,2008,Jun,6,2008-06-01,2008,2,1
Região Centro-Oeste,2008/Jun,3.0,2008,Jun,6,2008-06-01,2008,2,1
Região Norte,2008/Jul,8.0,2008,Jul,7,2008-07-01,2008,3,2
Região Nordeste,2008/Jul,6.0,2008,Jul,7,2008-07-01,2008,3,2
Região Sudeste,2008/Jul,27.0,2008,Jul,7,2008-07-01,2008,3,2
Região Sul,2008/Jul,14.0,2008,Jul,7,2008-07-01,2008,3,2
Região Centro-Oeste,2008/Jul,4.0,2008,Jul,7,2008-07-01,2008,3,2
Região Norte,2008/Ago,3.0,2008,Ago,8,2008-08-01,2008,3,2
Região Nordeste,2008/Ago,7.0,2008,Ago,8,2008-08-01,2008,3,2
Região Sudeste,2008/Ago,23.0,2008,Ago,8,2008-08-01,2008,3,2
Região Sul,2008/Ago,9.0,2008,Ago,8,2008-08-01,2008,3,2
Região Centro-Oeste,2008/Ago,4.0,2008,Ago,8,2008-08-01,2008,3,2
Região Norte,2008/Set,3.0,2008,Set,9,2008-09-01,2008,3,2
Região Nordeste,2008/Set,7.0,2008,Set,9,2008-09-01,2008,3,2
Região Sudeste,2008/Set,19.0,2008,Set,9,2008-09-01,2008,3,2
Região Sul,2008/Set,7.0,2008,Set,9,2008-09-01,2008,3,2
Região Centro-Oeste,2008/Set,5.0,2008,Set,9,2008-09-01,2008,3,2
Região Norte,2008/Out,2.0,2008,Out,10,2008-10-01,2008,4,2
Região Nordeste,2008/Out,6.0,2008,Out,10,2008-10-01,2008,4,2
Região Sudeste,2008/Out,19.0,2008,Out,10,2008-10-01,2008,4,2
Região Sul,2008/Out,3.0,2008,Out,10,2008-10-01,2008,4,2
Região Centro-Oeste,2008/Out,2.0,2008,Out,10,2008-10-01,2008,4,2
Região Norte,2008/Nov,3.0,2008,Nov,11,2008-11-01,2008,4,2
Região Nordeste,2008/Nov,9.0,2008,Nov,11,2008-11-01,2008,4,2
Região Sudeste,2008/Nov,15.0,2008,Nov,11,2008-11-01,2008,4,2
Região Sul,2008/Nov,8.0,2008,Nov,11,2008-11-01,2008,4,2
Região Centro-Oeste,2008/Nov,3.0,2008,Nov,11,2008-11-01,2008,4,2
Região Norte,2008/Dez,,2008,Dez,12,2008-12-01,2008,4,2
Região Nordeste,2008/Dez,4.0,2008,Dez,12,2008-12-01,2008,4,2
Região Sudeste,2008/Dez,27.0,2008,Dez,12,2008-12-01,2008,4,2
Região Sul,2008/Dez,8.0,2008,Dez,12,2008-12-01,2008,4,2
Região Centro-Oeste,2008/Dez,6.0,2008,Dez,12,2008-12-01,2008,4,2
Região Norte,2009/Jan,1.0,2009,Jan,1,2009-01-01,2009,1,1
Região Nordeste,2009/Jan,8.0,2009,Jan,1,2009-01-01,2009,1,1
Região Sudeste,2009/Jan,20.0,2009,Jan,1,2009-01-01,2009,1,1
Região Sul,2009/Jan,6.0,2009,Jan,1,2009-01-01,2009,1,1
Região Centro-Oeste,2009/Jan,,2009,Jan,1,2009-01-01,2009,1,1
Região Norte,2009/Fev,,2009,Fev,2,2009-02-01,2009,1,1
Região Nordeste,2009/Fev,6.0,2009,Fev,2,2009-02-01,2009,1,1
Região Sudeste,2009/Fev,26.0,2009,Fev,2,2009-02-01,2009,1,1
Região Sul,2009/Fev,5.0,2009,Fev,2,2009-02-01,2009,1,1
Região Centro-Oeste,2009/Fev,4.0,2009,Fev,2,2009-02-01,2009,1,1
Região Norte,2009/Mar,1.0,2009,Mar,3,2009-03-01,2009,1,1
Região Nordeste,2009/Mar,10.0,2009,Mar,3,2009-03-01,2009,1,1
Região Sudeste,2009/Mar,23.0,2009,Mar,3,2009-03-01,2009,1,1
Região Sul,2009/Mar,4.0,2009,Mar,3,2009-03-01,2009,1,1
Região Centro-Oeste,2009/Mar,2.0,2009,Mar,3,2009-03-01,2009,1,1
Região Norte,2009/Abr,3.0,2009,Abr,4,2009-04-01,2009,2,1
Região Nordeste,2009/Abr,6.0,2009,Abr,4,2009-04-01,2009,2,1
Região Sudeste,2009/Abr,25.0,2009,Abr,4,2009-04-01,2009,2,1
Região Sul,2009/Abr,9.0,2009,Abr,4,2009-04-01,2009,2,1
Região Centro-Oeste,2009/Abr,3.0,2009,Abr,4,2009-04-01,2009,2,1
Região Norte,2009/Mai,2.0,2009,Mai,5,2009-05-01,2009,2,1
Região Nordeste,2009/Mai,8.0,2009,Mai,5,2009-05-01,2009,2,1
Região Sudeste,2009/Mai,13.0,2009,Mai,5,2009-05-01,2009,2,1
Região Sul,2009/Mai,9.0,2009,Mai,5,2009-05-01,2009,2,1
Região Centro-Oeste,2009/Mai,1.0,2009,Mai,5,2009-05-01,2009,2,1
Região Norte,2009/Jun,2.0,2009,Jun,6,2009-06-01,2009,2,1
Região Nordeste,2009/Jun,5.0,2009,Jun,6,2009-06-01,2009,2,1
Região Sudeste,2009/Jun,18.0,2009,Jun,6,2009-06-01,2009,2,1
Região Sul,2009/Jun,14.0,2009,Jun,6,2009-06-01,2009,2,1
Região Centro-Oeste,2009/Jun,5.0,2009,Jun,6,2009-06-01,2009,2,1
Região Norte,2009/Jul,1.0,2009,Jul,7,2009-07-01,2009,3,2
Região Nordeste,2009/Jul,3.0,2009,Jul,7,2009-07-01,2009,3,2
Região Sudeste,2009/Jul,29.0,2009,Jul,7,2009-07-01,2009,3,2
Região Sul,2009/Jul,7.0,2009,Jul,7,2009-07-01,2009,3,2
Região Centro-Oeste,2009/Jul,3.0,2009,Jul,7,2009-07-01,2009,3,2
Região Norte,2009/Ago,3.0,2009,Ago,8,2009-08-01,2009,3,2
Região Nordeste,2009/Ago,12.0,2009,Ago,8,2009-08-01,2009,3,2
Região Sudeste,2009/Ago,19.0,2009,Ago,8,2009-08-01,2009,3,2
Região Sul,2009/Ago,9.0,2009,Ago,8,2009-08-01,2009,3,2
Região Centro-Oeste,2009/Ago,3.0,2009,Ago,8,2009-08-01,2009,3,2
Região Norte,2009/Set,1.0,2009,Set,9,2009-09-01,2009,3,2
Região Nordeste,2009/Set,6.0,2009,Set,9,2009-09-01,2009,3,2
Região Sudeste,2009/Set,17.0,2009,Set,9,2009-09-01,2009,3,2
Região Sul,2009/Set,8.0,2009,Set,9,2009-09-01,2009,3,2
Região Centro-Oeste,2009/Set,2.0,2009,Set,9,2009-09-01,2009,3,2
Região Norte,2009/Out,2.0,2009,Out,10,2009-10-01,2009,4,2
Região Nordeste,2009/Out,7.0,2009,Out,10,2009-10-01,2009,4,2
Região Sudeste,2009/Out,18.0,2009,Out,10,2009-10-01,2009,4,2
Região Sul,2009/Out,5.0,2009,Out,10,2009-10-01,2009,4,2
Região Centro-Oeste,2009/Out,4.0,2009,Out,10,2009-10-01,2009,4,2
Região Norte,2009/Nov,1.0,2009,Nov,11,2009-11-01,2009,4,2
Região Nordeste,2009/Nov,13.0,2009,Nov,11,2009-11-01,2009,4,2
Região Sudeste,2009/Nov,22.0,2009,Nov,11,2009-11-01,2009,4,2
Região Sul,2009/Nov,7.0,2009,Nov,11,2009-11-01,2009,4,2
Região Centro-Oeste,2009/Nov,3.0,2009,Nov,11,2009-11-01,2009,4,2
Região Norte,2009/Dez,4.0,2009,Dez,12,2009-12-01,2009,4,2
Região Nordeste,2009/Dez,11.0,2009,Dez,12,2009-12-01,2009,4,2
Região Sudeste,2009/Dez,15.0,2009,Dez,12,2009-12-01,2009,4,2
Região Sul,2009/Dez,7.0,2009,Dez,12,2009-12-01,2009,4,2
Região Centro-Oeste,2009/Dez,3.0,2009,Dez,12,2009-12-01,2009,4,2
Região Norte,2010/Jan,5.0,2010,Jan,1,2010-01-01,2010,1,1
Região Nordeste,2010/Jan,12.0,2010,Jan,1,2010-01-01,2010,1,1
Região Sudeste,2010/Jan,23.0,2010,Jan,1,2010-01-01,2010,1,1
Região Sul,2010/Jan,4.0,2010,Jan,1,2010-01-01,2010,1,1
Região Centro-Oeste,2010/Jan,1.0,2010,Jan,1,2010-01-01,2010,1,1
Região Norte,2010/Fev,4.0,2010,Fev,2,2010-02-01,2010,1,1
Região Nordeste,2010/Fev,4.0,2010,Fev,2,2010-02-01,2010,1,1
Região Sudeste,2010/Fev,13.0,2010,Fev,2,2010-02-01,2010,1,1
Região Sul,2010/Fev,10.0,2010,Fev,2,2010-02-01,2010,1,1
Região Centro-Oeste,2010/Fev,2.0,2010,Fev,2,2010-02-01,2010,1,1
Região Norte,2010/Mar,1.0,2010,Mar,3,2010-03-01,2010,1,1
Região Nordeste,2010/Mar,7.0,2010,Mar,3,2010-03-01,2010,1,1
Região Sudeste,2010/Mar,17.0,2010,Mar,3,2010-03-01,2010,1,1
Região Sul,2010/Mar,11.0,2010,Mar,3,2010-03-01,2010,1,1
Região Centro-Oeste,2010/Mar,2.0,2010,Mar,3,2010-03-01,2010,1,1
Região Norte,2010/Abr,7.0,2010,Abr,4,2010-04-01,2010,2,1
Região Nordeste,2010/Abr,9.0,2010,Abr,4,2010-04-01,2010,2,1
Região Sudeste,2010/Abr,16.0,2010,Abr,4,2010-04-01,2010,2,1
Região Sul,2010/Abr,6.0,2010,Abr,4,2010-04-01,2010,2,1
Região Centro-Oeste,2010/Abr,4.0,2010,Abr,4,2010-04-01,2010,2,1
Região Norte,2010/Mai,3.0,2010,Mai,5,2010-05-01,2010,2,1
Região Nordeste,2010/Mai,10.0,2010,Mai,5,2010-05-01,2010,2,1
Região Sudeste,2010/Mai,18.0,2010,Mai,5,2010-05-01,2010,2,1
Região Sul,2010/Mai,5.0,2010,Mai,5,2010-05-01,2010,2,1
Região Centro-Oeste,2010/Mai,4.0,2010,Mai,5,2010-05-01,2010,2,1
Região Norte,2010/Jun,4.0,2010,Jun,6,2010-06-01,2010,2,1
Região Nordeste,2010/Jun,10.0,2010,Jun,6,2010-06-01,2010,2,1
Região Sudeste,2010/Jun,16.0,2010,Jun,6,2010-06-01,2010,2,1
Região Sul,2010/Jun,2.0,2010,Jun,6,2010-06-01,2010,2,1
Região Centro-Oeste,2010/Jun,4.0,2010,Jun,6,2010-06-01,2010,2,1
Região Norte,2010/Jul,2.0,2010,Jul,7,2010-07-01,2010,3,2
Região Nordeste,2010/Jul,8.0,2010,Jul,7,2010-07-01,2010,3,2
Região Sudeste,2010/Jul,26.0,2010,Jul,7,2010-07-01,2010,3,2
Região Sul,2010/Jul,10.0,2010,Jul,7,2010-07-01,2010,3,2
Região Centro-Oeste,2010/Jul,5.0,2010,Jul,7,2010-07-01,2010,3,2
Região Norte,2010/Ago,4.0,2010,Ago,8,2010-08-01,2010,3,2
Região Nordeste,2010/Ago,9.0,2010,Ago,8,2010-08-01,2010,3,2
Região Sudeste,2010/Ago,23.0,2010,Ago,8,2010-08-01,2010,3,2
Região Sul,2010/Ago,9.0,2010,Ago,8,2010-08-01,2010,3,2
Região Centro-Oeste,2010/Ago,2.0,2010,Ago,8,2010-08-01,2010,3,2
Região Norte,2010/Set,2.0,2010,Set,9,2010-09-01,2010,3,2
Região Nordeste,2010/Set,7.0,2010,Set,9,2010-09-01,2010,3,2
Região Sudeste,2010/Set,22.0,2010,Set,9,2010-09-01,2010,3,2
Região Sul,2010/Set,7.0,2010,Set,9,2010-09-01,2010,3,2
Região Centro-Oeste,2010/Set,3.0,2010,Set,9,2010-09-01,2010,3,2
Região Norte,2010/Out,3.0,2010,Out,10,2010-10-01,2010,4,2
Região Nordeste,2010/Out,6.0,2010,Out,10,2010-10-01,2010,4,2
Região Sudeste,2010/Out,20.0,2010,Out,10,2010-10-01,2010,4,2
Região Sul,2010/Out,12.0,2010,Out,10,2010-10-01,2010,4,2
Região Centro-Oeste,2010/Out,5.0,2010,Out,10,2010-10-01,2010,4,2
Região Norte,2010/Nov,1.0,2010,Nov,11,2010-11-01,2010,4,2
Região Nordeste,2010/Nov,9.0,2010,Nov,11,2010-11-01,2010,4,2
Região Sudeste,2010/Nov,23.0,2010,Nov,11,2010-11-01,2010,4,2
Região Sul,2010/Nov,12.0,2010,Nov,11,2010-11-01,2010,4,2
Região Centro-Oeste,2010/Nov,1.0,2010,Nov,11,2010-11-01,2010,4,2
Região Norte,2010/Dez,2.0,2010,Dez,12,2010-12-01,2010,4,2
Região Nordeste,2010/Dez,6.0,2010,Dez,12,2010-12-01,2010,4,2
Região Sudeste,2010/Dez,23.0,2010,Dez,12,2010-12-01,2010,4,2
Região Sul,2010/Dez,6.0,2010,Dez,12,2010-12-01,2010,4,2
Região Centro-Oeste,2010/Dez,7.0,2010,Dez,12,2010-12-01,2010,4,2
Região Norte,2011/Jan,3.0,2011,Jan,1,2011-01-01,2011,1,1
Região Nordeste,2011/Jan,7.0,2011,Jan,1,2011-01-01,2011,1,1
Região Sudeste,2011/Jan,20.0,2011,Jan,1,2011-01-01,2011,1,1
Região Sul,2011/Jan,8.0,2011,Jan,1,2011-01-01,2011,1,1
Região Centro-Oeste,2011/Jan,4.0,2011,Jan,1,2011-01-01,2011,1,1
Região Norte,2011/Fev,2.0,2011,Fev,2,2011-02-01,2011,1,1
Região Nordeste,2011/Fev,14.0,2011,Fev,2,2011-02-01,2011,1,1
Região Sudeste,2011/Fev,22.0,2011,Fev,2,2011-02-01,2011,1,1
Região Sul,2011/Fev,6.0,2011,Fev,2,2011-02-01,2011,1,1
Região Centro-Oeste,2011/Fev,2.0,2011,Fev,2,2011-02-01,2011,1,1
Região Norte,2011/Mar,4.0,2011,Mar,3,2011-03-01,2011,1,1
Região Nordeste,2011/Mar,7.0,2011,Mar,3,2011-03-01,2011,1,1
Região Sudeste,2011/Mar,14.0,2011,Mar,3,2011-03-01,2011,1,1
Região Sul,2011/Mar,6.0,2011,Mar,3,2011-03-01,2011,1,1
Região Centro-Oeste,2011/Mar,,2011,Mar,3,2011-03-01,2011,1,1
Região Norte,2011/Abr,3.0,2011,Abr,4,2011-04-01,2011,2,1
Região Nordeste,2011/Abr,9.0,2011,Abr,4,2011-04-01,2011,2,1
Região Sudeste,2011/Abr,14.0,2011,Abr,4,2011-04-01,2011,2,1
Região Sul,2011/Abr,5.0,2011,Abr,4,2011-04-01,2011,2,1
Região Centro-Oeste,2011/Abr,2.0,2011,Abr,4,2011-04-01,2011,2,1
Região Norte,2011/Mai,,2011,Mai,5,2011-05-01,2011,2,1
Região Nordeste,2011/Mai,9.0,2011,Mai,5,2011-05-01,2011,2,1
Região Sudeste,2011/Mai,21.0,2011,Mai,5,2011-05-01,2011,2,1
Região Sul,2011/Mai,6.0,2011,Mai,5,2011-05-01,2011,2,1
Região Centro-Oeste,2011/Mai,3.0,2011,Mai,5,2011-05-01,2011,2,1
Região Norte,2011/Jun,2.0,2011,Jun,6,2011-06-01,2011,2,1
Região Nordeste,2011/Jun,14.0,2011,Jun,6,2011-06-01,2011,2,1
Região Sudeste,2011/Jun,16.0,2011,Jun,6,2011-06-01,2011,2,1
Região Sul,2011/Jun,5.0,2011,Jun,6,2011-06-01,2011,2,1
Região Centro-Oeste,2011/Jun,2.0,2011,Jun,6,2011-06-01,2011,2,1
Região Norte,2011/Jul,3.0,2011,Jul,7,2011-07-01,2011,3,2
Região Nordeste,2011/Jul,12.0,2011,Jul,7,2011-07-01,2011,3,2
Região Sudeste,2011/Jul,31.0,2011,Jul,7,2011-07-01,2011,3,2
Região Sul,2011/Jul,12.0,2011,Jul,7,2011-07-01,2011,3,2
Região Centro-Oeste,2011/Jul,5.0,2011,Jul,7,2011-07-01,2011,3,2
Região Norte,2011/Ago,2.0,2011,Ago,8,2011-08-01,2011,3,2
Região Nordeste,2011/Ago,5.0,2011,Ago,8,2011-08-01,2011,3,2
Região Sudeste,2011/Ago,23.0,2011,Ago,8,2011-08-01,2011,3,2
Região Sul,2011/Ago,10.0,2011,Ago,8,2011-08-01,2011,3,2
Região Centro-Oeste,2011/Ago,5.0,2011,Ago,8,2011-08-01,2011,3,2
Região Norte,2011/Set,3.0,2011,Set,9,2011-09-01,2011,3,2
Região Nordeste,2011/Set,9.0,2011,Set,9,2011-09-01,2011,3,2
Região Sudeste,2011/Set,19.0,2011,Set,9,2011-09-01,2011,3,2
Região Sul,2011/Set,10.0,2011,Set,9,2011-09-01,2011,3,2
Região Centro-Oeste,2011/Set,5.0,2011,Set,9,2011-09-01,2011,3,2
Região Norte,2011/Out,3.0,2011,Out,10,2011-10-01,2011,4,2
Região Nordeste,2011/Out,10.0,2011,Out,10,2011-10-01,2011,4,2
Região Sudeste,2011/Out,15.0,2011,Out,10,2011-10-01,2011,4,2
Região Sul,2011/Out,10.0,2011,Out,10,2011-10-01,2011,4,2
Região Centro-Oeste,2011/Out,5.0,2011,Out,10,2011-10-01,2011,4,2
Região Norte,2011/Nov,1.0,2011,Nov,11,2011-11-01,2011,4,2
Região Nordeste,2011/Nov,4.0,2011,Nov,11,2011-11-01,2011,4,2
Região Sudeste,2011/Nov,15.0,2011,Nov,11,2011-11-01,2011,4,2
Região Sul,2011/Nov,4.0,2011,Nov,11,2011-11-01,2011,4,2
Região Centro-Oeste,2011/Nov,7.0,2011,Nov,11,2011-11-01,2011,4,2
Região Norte,2011/Dez,1.0,2011,Dez,12,2011-12-01,2011,4,2
Região Nordeste,2011/Dez,4.0,2011,Dez,12,2011-12-01,2011,4,2
Região Sudeste,2011/Dez,20.0,2011,Dez,12,2011-12-01,2011,4,2
Região Sul,2011/Dez,6.0,2011,Dez,12,2011-12-01,2011,4,2
Região Centro-Oeste,2011/Dez,7.0,2011,Dez,12,2011-12-01,2011,4,2
Região Norte,2012/Jan,,2012,Jan,1,2012-01-01,2012,1,1
Região Nordeste,2012/Jan,11.0,2012,Jan,1,2012-01-01,2012,1,1
Região Sudeste,2012/Jan,17.0,2012,Jan,1,2012-01-01,2012,1,1
Região Sul,2012/Jan,3.0,2012,Jan,1,2012-01-01,2012,1,1
Região Centro-Oeste,2012/Jan,4.0,2012,Jan,1,2012-01-01,2012,1,1
Região Norte,2012/Fev,2.0,2012,Fev,2,2012-02-01,2012,1,1
Região Nordeste,2012/Fev,8.0,2012,Fev,2,2012-02-01,2012,1,1
Região Sudeste,2012/Fev,23.0,2012,Fev,2,2012-02-01,2012,1,1
Região Sul,2012/Fev,10.0,2012,Fev,2,2012-02-01,2012,1,1
Região Centro-Oeste,2012/Fev,1.0,2012,Fev,2,2012-02-01,2012,1,1
Região Norte,2012/Mar,8.0,2012,Mar,3,2012-03-01,2012,1,1
Região Nordeste,2012/Mar,10.0,2012,Mar,3,2012-03-01,2012,1,1
Região Sudeste,2012/Mar,19.0,2012,Mar,3,2012-03-01,2012,1,1
Região Sul,2012/Mar,4.0,2012,Mar,3,2012-03-01,2012,1,1
Região Centro-Oeste,2012/Mar,5.0,2012,Mar,3,2012-03-01,2012,1,1
Região Norte,2012/Abr,2.0,2012,Abr,4,2012-04-01,2012,2,1
Região Nordeste,2012/Abr,8.0,2012,Abr,4,2012-04-01,2012,2,1
Região Sudeste,2012/Abr,17.0,2012,Abr,4,2012-04-01,2012,2,1
Região Sul,2012/Abr,7.0,2012,Abr,4,2012-04-01,2012,2,1
Região Centro-Oeste,2012/Abr,6.0,2012,Abr,4,2012-04-01,2012,2,1
Região Norte,2012/Mai,4.0,2012,Mai,5,2012-05-01,2012,2,1
Região Nordeste,2012/Mai,11.0,2012,Mai,5,2012-05-01,2012,2,1
Região Sudeste,2012/Mai,22.0,2012,Mai,5,2012-05-01,2012,2,1
Região Sul,2012/Mai,4.0,2012,Mai,5,2012-05-01,2012,2,1
Região Centro-Oeste,2012/Mai,6.0,2012,Mai,5,2012-05-01,2012,2,1
Região Norte,2012/Jun,1.0,2012,Jun,6,2012-06-01,2012,2,1
Região Nordeste,2012/Jun,7.0,2012,Jun,6,2012-06-01,2012,2,1
Região Sudeste,2012/Jun,20.0,2012,Jun,6,2012-06-01,2012,2,1
Região Sul,2012/Jun,8.0,2012,Jun,6,2012-06-01,2012,2,1
Região Centro-Oeste,2012/Jun,4.0,2012,Jun,6,2012-06-01,2012,2,1
Região Norte,2012/Jul,,2012,Jul,7,2012-07-01,2012,3,2
Região Nordeste,2012/Jul,14.0,2012,Jul,7,2012-07-01,2012,3,2
Região Sudeste,2012/Jul,22.0,2012,Jul,7,2012-07-01,2012,3,2
Região Sul,2012/Jul,4.0,2012,Jul,7,2012-07-01,2012,3,2
Região Centro-Oeste,2012/Jul,6.0,2012,Jul,7,2012-07-01,2012,3,2
Região Norte,2012/Ago,,2012,Ago,8,2012-08-01,2012,3,2
Região Nordeste,2012/Ago,7.0,2012,Ago,8,2012-08-01,2012,3,2
Região Sudeste,2012/Ago,28.0,2012,Ago,8,2012-08-01,2012,3,2
Região Sul,2012/Ago,5.0,2012,Ago,8,2012-08-01,2012,3,2
Região Centro-Oeste,2012/Ago,7.0,2012,Ago,8,2012-08-01,2012,3,2
Região Norte,2012/Set,1.0,2012,Set,9,2012-09-01,2012,3,2
Região Nordeste,2012/Set,7.0,2012,Set,9,2012-09-01,2012,3,2
Região Sudeste,2012/Set,10.0,2012,Set,9,2012-09-01,2012,3,2
Região Sul,2012/Set,5.0,2012,Set,9,2012-09-01,2012,3,2
Região Centro-Oeste,2012/Set,2.0,2012,Set,9,2012-09-01,2012,3,2
Região Norte,2012/Out,,2012,Out,10,2012-10-01,2012,4,2
Região Nordeste,2012/Out,6.0,2012,Out,10,2012-10-01,2012,4,2
Região Sudeste,2012/Out,17.0,2012,Out,10,2012-10-01,2012,4,2
Região Sul,2012/Out,2.0,2012,Out,10,2012-10-01,2012,4,2
Região Centro-Oeste,2012/Out,6.0,2012,Out,10,2012-10-01,2012,4,2
Região Norte,2012/Nov,,2012,Nov,11,2012-11-01,2012,4,2
Região Nordeste,2012/Nov,6.0,2012,Nov,11,2012-11-01,2012,4,2
Região Sudeste,2012/Nov,14.0,2012,Nov,11,2012-11-01,2012,4,2
Região Sul,2012/Nov,5.0,2012,Nov,11,2012-11-01,2012,4,2
Região Centro-Oeste,2012/Nov,2.0,2012,Nov,11,2012-11-01,2012,4,2
Região Norte,2012/Dez,2.0,2012,Dez,12,2012-12-01,2012,4,2
Região Nordeste,2012/Dez,8.0,2012,Dez,12,2012-12-01,2012,4,2
Região Sudeste,2012/Dez,13.0,2012,Dez,12,2012-12-01,2012,4,2
Região Sul,2012/Dez,2.0,2012,Dez,12,2012-12-01,2012,4,2
Região Centro-Oeste,2012/Dez,,2012,Dez,12,2012-12-01,2012,4,2
Região Norte,2013/Jan,2.0,2013,Jan,1,2013-01-01,2013,1,1
Região Nordeste,2013/Jan,10.0,2013,Jan,1,2013-01-01,2013,1,1
Região Sudeste,2013/Jan,21.0,2013,Jan,1,2013-01-01,2013,1,1
Região Sul,2013/Jan,8.0,2013,Jan,1,2013-01-01,2013,1,1
Região Centro-Oeste,2013/Jan,3.0,2013,Jan,1,2013-01-01,2013,1,1
Região Norte,2013/Fev,4.0,2013,Fev,2,2013-02-01,2013,1,1
Região Nordeste,2013/Fev,4.0,2013,Fev,2,2013-02-01,2013,1,1
Região Sudeste,2013/Fev,14.0,2013,Fev,2,2013-02-01,2013,1,1
Região Sul,2013/Fev,4.0,2013,Fev,2,2013-02-01,2013,1,1
Região Centro-Oeste,2013/Fev,2.0,2013,Fev,2,2013-02-01,2013,1,1
Região Norte,2013/Mar,1.0,2013,Mar,3,2013-03-01,2013,1,1
Região Nordeste,2013/Mar,10.0,2013,Mar,3,2013-03-01,2013,1,1
Região Sudeste,2013/Mar,11.0,2013,Mar,3,2013-03-01,2013,1,1
Região Sul,2013/Mar,8.0,2013,Mar,3,2013-03-01,2013,1,1
Região Centro-Oeste,2013/Mar,1.0,2013,Mar,3,2013-03-01,2013,1,1
Região Norte,2013/Abr,4.0,2013,Abr,4,2013-04-01,2013,2,1
Região Nordeste,2013/Abr,5.0,2013,Abr,4,2013-04-01,2013,2,1
Região Sudeste,2013/Abr,14.0,2013,Abr,4,2013-04-01,2013,2,1
Região Sul,2013/Abr,6.0,2013,Abr,4,2013-04-01,2013,2,1
Região Centro-Oeste,2013/Abr,1.0,2013,Abr,4,2013-04-01,2013,2,1
Região Norte,2013/Mai,1.0,2013,Mai,5,2013-05-01,2013,2,1
Região Nordeste,2013/Mai,10.0,2013,Mai,5,2013-05-01,2013,2,1
Região Sudeste,2013/Mai,20.0,2013,Mai,5,2013-05-01,2013,2,1
Região Sul,2013/Mai,7.0,2013,Mai,5,2013-05-01,2013,2,1
Região Centro-Oeste,2013/Mai,3.0,2013,Mai,5,2013-05-01,2013,2,1
Região Norte,2013/Jun,3.0,2013,Jun,6,2013-06-01,2013,2,1
Região Nordeste,2013/Jun,11.0,2013,Jun,6,2013-06-01,2013,2,1
Região Sudeste,2013/Jun,18.0,2013,Jun,6,2013-06-01,2013,2,1
Região Sul,2013/Jun,4.0,2013,Jun,6,2013-06-01,2013,2,1
Região Centro-Oeste,2013/Jun,3.0,2013,Jun,6,2013-06-01,2013,2,1
Região Norte,2013/Jul,1.0,2013,Jul,7,2013-07-01,2013,3,2
Região Nordeste,2013/Jul,6.0,2013,Jul,7,2013-07-01,2013,3,2
Região Sudeste,2013/Jul,20.0,2013,Jul,7,2013-07-01,2013,3,2
Região Sul,2013/Jul,5.0,2013,Jul,7,2013-07-01,2013,3,2
Região Centro-Oeste,2013/Jul,3.0,2013,Jul,7,2013-07-01,2013,3,2
Região Norte,2013/Ago,3.0,2013,Ago,8,2013-08-01,2013,3,2
Região Nordeste,2013/Ago,6.0,2013,Ago,8,2013-08-01,2013,3,2
Região Sudeste,2013/Ago,18.0,2013,Ago,8,2013-08-01,2013,3,2
Região Sul,2013/Ago,8.0,2013,Ago,8,2013-08-01,2013,3,2
Região Centro-Oeste,2013/Ago,4.0,2013,Ago,8,2013-08-01,2013,3,2
Região Norte,2013/Set,,2013,Set,9,2013-09-01,2013,3,2
Região Nordeste,2013/Set,6.0,2013,Set,9,2013-09-01,2013,3,2
Região Sudeste,2013/Set,21.0,2013,Set,9,2013-09-01,2013,3,2
Região Sul,2013/Set,6.0,2013,Set,9,2013-09-01,2013,3,2
Região Centro-Oeste,2013/Set,4.0,2013,Set,9,2013-09-01,2013,3,2
Região Norte,2013/Out,2.0,2013,Out,10,2013-10-01,2013,4,2
Região Nordeste,2013/Out,10.0,2013,Out,10,2013-10-01,2013,4,2
Região Sudeste,2013/Out,16.0,2013,Out,10,2013-10-01,2013,4,2
Região Sul,2013/Out,6.0,2013,Out,10,2013-10-01,2013,4,2
Região Centro-Oeste,2013/Out,1.0,2013,Out,10,2013-10-01,2013,4,2
Região Norte,2013/Nov,2.0,2013,Nov,11,2013-11-01,2013,4,2
Região Nordeste,2013/Nov,4.0,2013,Nov,11,2013-11-01,2013,4,2
Região Sudeste,2013/Nov,22.0,2013,Nov,11,2013-11-01,2013,4,2
Região Sul,2013/Nov,7.0,2013,Nov,11,2013-11-01,2013,4,2
Região Centro-Oeste,2013/Nov,5.0,2013,Nov,11,2013-11-01,2013,4,2
Região Norte,2013/Dez,3.0,2013,Dez,12,2013-12-01,2013,4,2
Região Nordeste,2013/Dez,2.0,2013,Dez,12,2013-12-01,2013,4,2
Região Sudeste,2013/Dez,14.0,2013,Dez,12,2013-12-01,2013,4,2
Região Sul,2013/Dez,6.0,2013,Dez,12,2013-12-01,2013,4,2
Região Centro-Oeste,2013/Dez,5.0,2013,Dez,12,2013-12-01,2013,4,2
Região Norte,2014/Jan,,2014,Jan,1,2014-01-01,2014,1,1
Região Nordeste,2014/Jan,8.0,2014,Jan,1,2014-01-01,2014,1,1
Região Sudeste,2014/Jan,18.0,2014,Jan,1,2014-01-01,2014,1,1
Região Sul,2014/Jan,10.0,2014,Jan,1,2014-01-01,2014,1,1
Região Centro-Oeste,2014/Jan,2.0,2014,Jan,1,2014-01-01,2014,1,1
Região Norte,2014/Fev,1.0,2014,Fev,2,2014-02-01,2014,1,1
Região Nordeste,2014/Fev,8.0,2014,Fev,2,2014-02-01,2014,1,1
Região Sudeste,2014/Fev,15.0,2014,Fev,2,2014-02-01,2014,1,1
Região Sul,2014/Fev,9.0,2014,Fev,2,2014-02-01,2014,1,1
Região Centro-Oeste,2014/Fev,5.0,2014,Fev,2,2014-02-01,2014,1,1
Região Norte,2014/Mar,2.0,2014,Mar,3,2014-03-01,2014,1,1
Região Nordeste,2014/Mar,4.0,2014,Mar,3,2014-03-01,2014,1,1
Região Sudeste,2014/Mar,13.0,2014,Mar,3,2014-03-01,2014,1,1
Região Sul,2014/Mar,6.0,2014,Mar,3,2014-03-01,2014,1,1
Região Centro-Oeste,2014/Mar,4.0,2014,Mar,3,2014-03-01,2014,1,1
Região Norte,2014/Abr,,2014,Abr,4,2014-04-01,2014,2,1
Região Nordeste,2014/Abr,7.0,2014,Abr,4,2014-04-01,2014,2,1
Região Sudeste,2014/Abr,12.0,2014,Abr,4,2014-04-01,2014,2,1
Região Sul,2014/Abr,3.0,2014,Abr,4,2014-04-01,2014,2,1
Região Centro-Oeste,2014/Abr,5.0,2014,Abr,4,2014-04-01,2014,2,1
Região Norte,2014/Mai,1.0,2014,Mai,5,2014-05-01,2014,2,1
Região Nordeste,2014/Mai,10.0,2014,Mai,5,2014-05-01,2014,2,1
Região Sudeste,2014/Mai,18.0,2014,Mai,5,2014-05-01,2014,2,1
Região Sul,2014/Mai,13.0,2014,Mai,5,2014-05-01,2014,2,1
Região Centro-Oeste,2014/Mai,3.0,2014,Mai,5,2014-05-01,2014,2,1
Região Norte,2014/Jun,3.0,2014,Jun,6,2014-06-01,2014,2,1
Região Nordeste,2014/Jun,5.0,2014,Jun,6,2014-06-01,2014,2,1
Região Sudeste,2014/Jun,20.0,2014,Jun,6,2014-06-01,2014,2,1
Região Sul,2014/Jun,7.0,2014,Jun,6,2014-06-01,2014,2,1
Região Centro-Oeste,2014/Jun,,2014,Jun,6,2014-06-01,2014,2,1
Região Norte,2014/Jul,3.0,2014,Jul,7,2014-07-01,2014,3,2
Região Nordeste,2014/Jul,10.0,2014,Jul,7,2014-07-01,2014,3,2
Região Sudeste,2014/Jul,28.0,2014,Jul,7,2014-07-01,2014,3,2
Região Sul,2014/Jul,6.0,2014,Jul,7,2014-07-01,2014,3,2
Região Centro-Oeste,2014/Jul,5.0,2014,Jul,7,2014-07-01,2014,3,2
Região Norte,2014/Ago,,2014,Ago,8,2014-08-01,2014,3,2
Região Nordeste,2014/Ago,5.0,2014,Ago,8,2014-08-01,2014,3,2
Região Sudeste,2014/Ago,32.0,2014,Ago,8,2014-08-01,2014,3,2
Região Sul,2014/Ago,11.0,2014,Ago,8,2014-08-01,2014,3,2
Região Centro-Oeste,2014/Ago,2.0,2014,Ago,8,2014-08-01,2014,3,2
Região Norte,2014/Set,6.0,2014,Set,9,2014-09-01,2014,3,2
Região Nordeste,2014/Set,8.0,2014,Set,9,2014-09-01,2014,3,2
Região Sudeste,2014/Set,36.0,2014,Set,9,2014-09-01,2014,3,2
Região Sul,2014/Set,9.0,2014,Set,9,2014-09-01,2014,3,2
Região Centro-Oeste,2014/Set,5.0,2014,Set,9,2014-09-01,2014,3,2
Região Norte,2014/Out,3.0,2014,Out,10,2014-10-01,2014,4,2
Região Nordeste,2014/Out,5.0,2014,Out,10,2014-10-01,2014,4,2
Região Sudeste,2014/Out,29.0,2014,Out,10,2014-10-01,2014,4,2
Região Sul,2014/Out,15.0,2014,Out,10,2014-10-01,2014,4,2
Região Centro-Oeste,2014/Out,3.0,2014,Out,10,2014-10-01,2014,4,2
Região Norte,2014/Nov,1.0,2014,Nov,11,2014-11-01,2014,4,2
Região Nordeste,2014/Nov,6.0,2014,Nov,11,2014-11-01,2014,4,2
Região Sudeste,2014/Nov,27.0,2014,Nov,11,2014-11-01,2014,4,2
Região Sul,2014/Nov,11.0,2014,Nov,11,2014-11-01,2014,4,2
Região Centro-Oeste,2014/Nov,5.0,2014,Nov,11,2014-11-01,2014,4,2
Região Norte,2014/Dez,3.0,2014,Dez,12,2014-12-01,2014,4,2
Região Nordeste,2014/Dez,8.0,2014,Dez,12,2014-12-01,2014,4,2
Região Sudeste,2014/Dez,26.0,2014,Dez,12,2014-12-01,2014,4,2
Região Sul,2014/Dez,13.0,2014,Dez,12,2014-12-01,2014,4,2
Região Centro-Oeste,2014/Dez,1.0,2014,Dez,12,2014-12-01,2014,4,2
Região Norte,2015/Jan,3.0,2015,Jan,1,2015-01-01,2015,1,1
Região Nordeste,2015/Jan,4.0,2015,Jan,1,2015-01-01,2015,1,1
Região Sudeste,2015/Jan,27.0,2015,Jan,1,2015-01-01,2015,1,1
Região Sul,2015/Jan,13.0,2015,Jan,1,2015-01-01,2015,1,1
Região Centro-Oeste,2015/Jan,3.0,2015,Jan,1,2015-01-01,2015,1,1
Região Norte,2015/Fev,5.0,2015,Fev,2,2015-02-01,2015,1,1
Região Nordeste,2015/Fev,9.0,2015,Fev,2,2015-02-01,2015,1,1
Região Sudeste,2015/Fev,26.0,2015,Fev,2,2015-02-01,2015,1,1
Região Sul,2015/Fev,13.0,2015,Fev,2,2015-02-01,2015,1,1
Região Centro-Oeste,2015/Fev,2.0,2015,Fev,2,2015-02-01,2015,1,1
Região Norte,2015/Mar,3.0,2015,Mar,3,2015-03-01,2015,1,1
Região Nordeste,2015/Mar,8.0,2015,Mar,3,2015-03-01,2015,1,1
Região Sudeste,2015/Mar,28.0,2015,Mar,3,2015-03-01,2015,1,1
Região Sul,2015/Mar,9.0,2015,Mar,3,2015-03-01,2015,1,1
Região Centro-Oeste,2015/Mar,4.0,2015,Mar,3,2015-03-01,2015,1,1
Região Norte,2015/Abr,1.0,2015,Abr,4,2015-04-01,2015,2,1
Região Nordeste,2015/Abr,17.0,2015,Abr,4,2015-04-01,2015,2,1
Região Sudeste,2015/Abr,26.0,2015,Abr,4,2015-04-01,2015,2,1
Região Sul,2015/Abr,13.0,2015,Abr,4,2015-04-01,2015,2,1
Região Centro-Oeste,2015/Abr,3.0,2015,Abr,4,2015-04-01,2015,2,1
Região Norte,2015/Mai,2.0,2015,Mai,5,2015-05-01,2015,2,1
Região Nordeste,2015/Mai,12.0,2015,Mai,5,2015-05-01,2015,2,1
Região Sudeste,2015/Mai,25.0,2015,Mai,5,2015-05-01,2015,2,1
Região Sul,2015/Mai,9.0,2015,Mai,5,2015-05-01,2015,2,1
Região Centro-Oeste,2015/Mai,,2015,Mai,5,2015-05-01,2015,2,1
Região Norte,2015/Jun,2.0,2015,Jun,6,2015-06-01,2015,2,1
Região Nordeste,2015/Jun,11.0,2015,Jun,6,2015-06-01,2015,2,1
Região Sudeste,2015/Jun,27.0,2015,Jun,6,2015-06-01,2015,2,1
Região Sul,2015/Jun,13.0,2015,Jun,6,2015-06-01,2015,2,1
Região Centro-Oeste,2015/Jun,2.0,2015,Jun,6,2015-06-01,2015,2,1
Região Norte,2015/Jul,5.0,2015,Jul,7,2015-07-01,2015,3,2
Região Nordeste,2015/Jul,11.0,2015,Jul,7,2015-07-01,2015,3,2
Região Sudeste,2015/Jul,22.0,2015,Jul,7,2015-07-01,2015,3,2
Região Sul,2015/Jul,12.0,2015,Jul,7,2015-07-01,2015,3,2
Região Centro-Oeste,2015/Jul,6.0,2015,Jul,7,2015-07-01,2015,3,2
Região Norte,2015/Ago,5.0,2015,Ago,8,2015-08-01,2015,3,2
Região Nordeste,2015/Ago,8.0,2015,Ago,8,2015-08-01,2015,3,2
Região Sudeste,2015/Ago,19.0,2015,Ago,8,2015-08-01,2015,3,2
Região Sul,2015/Ago,12.0,2015,Ago,8,2015-08-01,2015,3,2
Região Centro-Oeste,2015/Ago,4.0,2015,Ago,8,2015-08-01,2015,3,2
Região Norte,2015/Set,2.0,2015,Set,9,2015-09-01,2015,3,2
Região Nordeste,2015/Set,15.0,2015,Set,9,2015-09-01,2015,3,2
Região Sudeste,2015/Set,28.0,2015,Set,9,2015-09-01,2015,3,2
Região Sul,2015/Set,15.0,2015,Set,9,2015-09-01,2015,3,2
Região Centro-Oeste,2015/Set,7.0,2015,Set,9,2015-09-01,2015,3,2
Região Norte,2015/Out,1.0,2015,Out,10,2015-10-01,2015,4,2
Região Nordeste,2015/Out,9.0,2015,Out,10,2015-10-01,2015,4,2
Região Sudeste,2015/Out,22.0,2015,Out,10,2015-10-01,2015,4,2
Região Sul,2015/Out,10.0,2015,Out,10,2015-10-01,2015,4,2
Região Centro-Oeste,2015/Out,1.0,2015,Out,10,2015-10-01,2015,4,2
Região Norte,2015/Nov,4.0,2015,Nov,11,2015-11-01,2015,4,2
Região Nordeste,2015/Nov,14.0,2015,Nov,11,2015-11-01,2015,4,2
Região Sudeste,2015/Nov,17.0,2015,Nov,11,2015-11-01,2015,4,2
Região Sul,2015/Nov,12.0,2015,Nov,11,2015-11-01,2015,4,2
Região Centro-Oeste,2015/Nov,3.0,2015,Nov,11,2015-11-01,2015,4,2
Região Norte,2015/Dez,3.0,2015,Dez,12,2015-12-01,2015,4,2
Região Nordeste,2015/Dez,13.0,2015,Dez,12,2015-12-01,2015,4,2
Região Sudeste,2015/Dez,21.0,2015,Dez,12,2015-12-01,2015,4,2
Região Sul,2015/Dez,18.0,2015,Dez,12,2015-12-01,2015,4,2
Região Centro-Oeste,2015/Dez,3.0,2015,Dez,12,2015-12-01,2015,4,2
Região Norte,2016/Jan,2.0,2016,Jan,1,2016-01-01,2016,1,1
Região Nordeste,2016/Jan,11.0,2016,Jan,1,2016-01-01,2016,1,1
Região Sudeste,2016/Jan,20.0,2016,Jan,1,2016-01-01,2016,1,1
Região Sul,2016/Jan,10.0,2016,Jan,1,2016-01-01,2016,1,1
Região Centro-Oeste,2016/Jan,3.0,2016,Jan,1,2016-01-01,2016,1,1
Região Norte,2016/Fev,5.0,2016,Fev,2,2016-02-01,2016,1,1
Região Nordeste,2016/Fev,15.0,2016,Fev,2,2016-02-01,2016,1,1
Região Sudeste,2016/Fev,16.0,2016,Fev,2,2016-02-01,2016,1,1
Região Sul,2016/Fev,6.0,2016,Fev,2,2016-02-01,2016,1,1
Região Centro-Oeste,2016/Fev,2.0,2016,Fev,2,2016-02-01,2016,1,1
Região Norte,2016/Mar,7.0,2016,Mar,3,2016-03-01,2016,1,1
Região Nordeste,2016/Mar,11.0,2016,Mar,3,2016-03-01,2016,1,1
Região Sudeste,2016/Mar,25.0,2016,Mar,3,2016-03-01,2016,1,1
Região Sul,2016/Mar,4.0,2016,Mar,3,2016-03-01,2016,1,1
Região Centro-Oeste,2016/Mar,2.0,2016,Mar,3,2016-03-01,2016,1,1
Região Norte,2016/Abr,7.0,2016,Abr,4,2016-04-01,2016,2,1
Região Nordeste,2016/Abr,12.0,2016,Abr,4,2016-04-01,2016,2,1
Região Sudeste,2016/Abr,27.0,2016,Abr,4,2016-04-01,2016,2,1
Região Sul,2016/Abr,7.0,2016,Abr,4,2016-04-01,2016,2,1
Região Centro-Oeste,2016/Abr,10.0,2016,Abr,4,2016-04-01,2016,2,1
Região Norte,2016/Mai,6.0,2016,Mai,5,2016-05-01,2016,2,1
Região Nordeste,2016/Mai,12.0,2016,Mai,5,2016-05-01,2016,2,1
Região Sudeste,2016/Mai,23.0,2016,Mai,5,2016-05-01,2016,2,1
Região Sul,2016/Mai,12.0,2016,Mai,5,2016-05-01,2016,2,1
Região Centro-Oeste,2016/Mai,5.0,2016,Mai,5,2016-05-01,2016,2,1
Região Norte,2016/Jun,1.0,2016,Jun,6,2016-06-01,2016,2,1
Região Nordeste,2016/Jun,19.0,2016,Jun,6,2016-06-01,2016,2,1
Região Sudeste,2016/Jun,30.0,2016,Jun,6,2016-06-01,2016,2,1
Região Sul,2016/Jun,9.0,2016,Jun,6,2016-06-01,2016,2,1
Região Centro-Oeste,2016/Jun,3.0,2016,Jun,6,2016-06-01,2016,2,1
Região Norte,2016/Jul,9.0,2016,Jul,7,2016-07-01,2016,3,2
Região Nordeste,2016/Jul,9.0,2016,Jul,7,2016-07-01,2016,3,2
Região Sudeste,2016/Jul,38.0,2016,Jul,7,2016-07-01,2016,3,2
Região Sul,2016/Jul,8.0,2016,Jul,7,2016-07-01,2016,3,2
Região Centro-Oeste,2016/Jul,4.0,2016,Jul,7,2016-07-01,2016,3,2
Região Norte,2016/Ago,4.0,2016,Ago,8,2016-08-01,2016,3,2
Região Nordeste,2016/Ago,15.0,2016,Ago,8,2016-08-01,2016,3,2
Região Sudeste,2016/Ago,40.0,2016,Ago,8,2016-08-01,2016,3,2
Região Sul,2016/Ago,15.0,2016,Ago,8,2016-08-01,2016,3,2
Região Centro-Oeste,2016/Ago,3.0,2016,Ago,8,2016-08-01,2016,3,2
Região Norte,2016/Set,6.0,2016,Set,9,2016-09-01,2016,3,2
Região Nordeste,2016/Set,9.0,2016,Set,9,2016-09-01,2016,3,2
Região Sudeste,2016/Set,23.0,2016,Set,9,2016-09-01,2016,3,2
Região Sul,2016/Set,14.0,2016,Set,9,2016-09-01,2016,3,2
Região Centro-Oeste,2016/Set,3.0,2016,Set,9,2016-09-01,2016,3,2
Região Norte,2016/Out,3.0,2016,Out,10,2016-10-01,2016,4,2
Região Nordeste,2016/Out,11.0,2016,Out,10,2016-10-01,2016,4,2
Região Sudeste,2016/Out,23.0,2016,Out,10,2016-10-01,2016,4,2
Região Sul,2016/Out,11.0,2016,Out,10,2016-10-01,2016,4,2
Região Centro-Oeste,2016/Out,2.0,2016,Out,10,2016-10-01,2016,4,2
Região Norte,2016/Nov,6.0,2016,Nov,11,2016-11-01,2016,4,2
Região Nordeste,2016/Nov,7.0,2016,Nov,11,2016-11-01,2016,4,2
Região Sudeste,2016/Nov,28.0,2016,Nov,11,2016-11-01,2016,4,2
Região Sul,2016/Nov,14.0,2016,Nov,11,2016-11-01,2016,4,2
Região Centro-Oeste,2016/Nov,8.0,2016,Nov,11,2016-11-01,2016,4,2
Região Norte,2016/Dez,4.0,2016,Dez,12,2016-12-01,2016,4,2
Região Nordeste,2016/Dez,8.0,2016,Dez,12,2016-12-01,2016,4,2
Região Sudeste,2016/Dez,27.0,2016,Dez,12,2016-12-01,2016,4,2
Região Sul,2016/Dez,12.0,2016,Dez,12,2016-12-01,2016,4,2
Região Centro-Oeste,2016/Dez,9.0,2016,Dez,12,2016-12-01,2016,4,2
Região Norte,2017/Jan,6.0,2017,Jan,1,2017-01-01,2017,1,1
Região Nordeste,2017/Jan,9.0,2017,Jan,1,2017-01-01,2017,1,1
Região Sudeste,2017/Jan,33.0,2017,Jan,1,2017-01-01,2017,1,1
Região Sul,2017/Jan,9.0,2017,Jan,1,2017-01-01,2017,1,1
Região Centro-Oeste,2017/Jan,8.0,2017,Jan,1,2017-01-01,2017,1,1
Região Norte,2017/Fev,3.0,2017,Fev,2,2017-02-01,2017,1,1
Região Nordeste,2017/Fev,9.0,2017,Fev,2,2017-02-01,2017,1,1
Região Sudeste,2017/Fev,19.0,2017,Fev,2,2017-02-01,2017,1,1
Região Sul,2017/Fev,6.0,2017,Fev,2,2017-02-01,2017,1,1
Região Centro-Oeste,2017/Fev,3.0,2017,Fev,2,2017-02-01,2017,1,1
Região Norte,2017/Mar,5.0,2017,Mar,3,2017-03-01,2017,1,1
Região Nordeste,2017/Mar,10.0,2017,Mar,3,2017-03-01,2017,1,1
Região Sudeste,2017/Mar,21.0,2017,Mar,3,2017-03-01,2017,1,1
Região Sul,2017/Mar,5.0,2017,Mar,3,2017-03-01,2017,1,1
Região Centro-Oeste,2017/Mar,10.0,2017,Mar,3,2017-03-01,2017,1,1
Região Norte,2017/Abr,4.0,2017,Abr,4,2017-04-01,2017,2,1
Região Nordeste,2017/Abr,11.0,2017,Abr,4,2017-04-01,2017,2,1
Região Sudeste,2017/Abr,12.0,2017,Abr,4,2017-04-01,2017,2,1
Região Sul,2017/Abr,11.0,2017,Abr,4,2017-04-01,2017,2,1
Região Centro-Oeste,2017/Abr,3.0,2017,Abr,4,2017-04-01,2017,2,1
Região Norte,2017/Mai,3.0,2017,Mai,5,2017-05-01,2017,2,1
Região Nordeste,2017/Mai,8.0,2017,Mai,5,2017-05-01,2017,2,1
Região Sudeste,2017/Mai,29.0,2017,Mai,5,2017-05-01,2017,2,1
Região Sul,2017/Mai,12.0,2017,Mai,5,2017-05-01,2017,2,1
Região Centro-Oeste,2017/Mai,6.0,2017,Mai,5,2017-05-01,2017,2,1
Região Norte,2017/Jun,4.0,2017,Jun,6,2017-06-01,2017,2,1
Região Nordeste,2017/Jun,10.0,2017,Jun,6,2017-06-01,2017,2,1
Região Sudeste,2017/Jun,21.0,2017,Jun,6,2017-06-01,2017,2,1
Região Sul,2017/Jun,13.0,2017,Jun,6,2017-06-01,2017,2,1
Região Centro-Oeste,2017/Jun,6.0,2017,Jun,6,2017-06-01,2017,2,1
Região Norte,2017/Jul,4.0,2017,Jul,7,2017-07-01,2017,3,2
Região Nordeste,2017/Jul,6.0,2017,Jul,7,2017-07-01,2017,3,2
Região Sudeste,2017/Jul,20.0,2017,Jul,7,2017-07-01,2017,3,2
Região Sul,2017/Jul,5.0,2017,Jul,7,2017-07-01,2017,3,2
Região Centro-Oeste,2017/Jul,3.0,2017,Jul,7,2017-07-01,2017,3,2
Região Norte,2017/Ago,2.0,2017,Ago,8,2017-08-01,2017,3,2
Região Nordeste,2017/Ago,13.0,2017,Ago,8,2017-08-01,2017,3,2
Região Sudeste,2017/Ago,21.0,2017,Ago,8,2017-08-01,2017,3,2
Região Sul,2017/Ago,13.0,2017,Ago,8,2017-08-01,2017,3,2
Região Centro-Oeste,2017/Ago,3.0,2017,Ago,8,2017-08-01,2017,3,2
Região Norte,2017/Set,3.0,2017,Set,9,2017-09-01,2017,3,2
Região Nordeste,2017/Set,5.0,2017,Set,9,2017-09-01,2017,3,2
Região Sudeste,2017/Set,26.0,2017,Set,9,2017-09-01,2017,3,2
Região Sul,2017/Set,6.0,2017,Set,9,2017-09-01,2017,3,2
Região Centro-Oeste,2017/Set,6.0,2017,Set,9,2017-09-01,2017,3,2
Região Norte,2017/Out,3.0,2017,Out,10,2017-10-01,2017,4,2
Região Nordeste,2017/Out,13.0,2017,Out,10,2017-10-01,2017,4,2
Região Sudeste,2017/Out,27.0,2017,Out,10,2017-10-01,2017,4,2
Região Sul,2017/Out,8.0,2017,Out,10,2017-10-01,2017,4,2
Região Centro-Oeste,2017/Out,3.0,2017,Out,10,2017-10-01,2017,4,2
Região Norte,2017/Nov,4.0,2017,Nov,11,2017-11-01,2017,4,2
Região Nordeste,2017/Nov,7.0,2017,Nov,11,2017-11-01,2017,4,2
Região Sudeste,2017/Nov,26.0,2017,Nov,11,2017-11-01,2017,4,2
Região Sul,2017/Nov,8.0,2017,Nov,11,2017-11-01,2017,4,2
Região Centro-Oeste,2017/Nov,3.0,2017,Nov,11,2017-11-01,2017,4,2
Região Norte,2017/Dez,1.0,2017,Dez,12,2017-12-01,2017,4,2
Região Nordeste,2017/Dez,14.0,2017,Dez,12,2017-12-01,2017,4,2
Região Sudeste,2017/Dez,17.0,2017,Dez,12,2017-12-01,2017,4,2
Região Sul,2017/Dez,13.0,2017,Dez,12,2017-12-01,2017,4,2
Região Centro-Oeste,2017/Dez,4.0,2017,Dez,12,2017-12-01,2017,4,2
Região Norte,2018/Jan,2.0,2018,Jan,1,2018-01-01,2018,1,1
Região Nordeste,2018/Jan,7.0,2018,Jan,1,2018-01-01,2018,1,1
Região Sudeste,2018/Jan,32.0,2018,Jan,1,2018-01-01,2018,1,1
Região Sul,2018/Jan,11.0,2018,Jan,1,2018-01-01,2018,1,1
Região Centro-Oeste,2018/Jan,4.0,2018,Jan,1,2018-01-01,2018,1,1
Região Norte,2018/Fev,3.0,2018,Fev,2,2018-02-01,2018,1,1
Região Nordeste,2018/Fev,8.0,2018,Fev,2,2018-02-01,2018,1,1
Região Sudeste,2018/Fev,18.0,2018,Fev,2,2018-02-01,2018,1,1
Região Sul,2018/Fev,11.0,2018,Fev,2,2018-02-01,2018,1,1
Região Centro-Oeste,2018/Fev,3.0,2018,Fev,2,2018-02-01,2018,1,1
Região Norte,2018/Mar,2.0,2018,Mar,3,2018-03-01,2018,1,1
Região Nordeste,2018/Mar,9.0,2018,Mar,3,2018-03-01,2018,1,1
Região Sudeste,2018/Mar,19.0,2018,Mar,3,2018-03-01,2018,1,1
Região Sul,2018/Mar,9.0,2018,Mar,3,2018-03-01,2018,1,1
Região Centro-Oeste,2018/Mar,2.0,2018,Mar,3,2018-03-01,2018,1,1
Região Norte,2018/Abr,5.0,2018,Abr,4,2018-04-01,2018,2,1
Região Nordeste,2018/Abr,8.0,2018,Abr,4,2018-04-01,2018,2,1
Região Sudeste,2018/Abr,19.0,2018,Abr,4,2018-04-01,2018,2,1
Região Sul,2018/Abr,15.0,2018,Abr,4,2018-04-01,2018,2,1
Região Centro-Oeste,2018/Abr,6.0,2018,Abr,4,2018-04-01,2018,2,1
Região Norte,2018/Mai,3.0,2018,Mai,5,2018-05-01,2018,2,1
Região Nordeste,2018/Mai,15.0,2018,Mai,5,2018-05-01,2018,2,1
Região Sudeste,2018/Mai,18.0,2018,Mai,5,2018-05-01,2018,2,1
Região Sul,2018/Mai,7.0,2018,Mai,5,2018-05-01,2018,2,1
Região Centro-Oeste,2018/Mai,1.0,2018,Mai,5,2018-05-01,2018,2,1
Região Norte,2018/Jun,4.0,2018,Jun,6,2018-06-01,2018,2,1
Região Nordeste,2018/Jun,16.0,2018,Jun,6,2018-06-01,2018,2,1
Região Sudeste,2018/Jun,16.0,2018,Jun,6,2018-06-01,2018,2,1
Região Sul,2018/Jun,10.0,2018,Jun,6,2018-06-01,2018,2,1
Região Centro-Oeste,2018/Jun,4.0,2018,Jun,6,2018-06-01,2018,2,1
Região Norte,2018/Jul,5.0,2018,Jul,7,2018-07-01,2018,3,2
Região Nordeste,2018/Jul,7.0,2018,Jul,7,2018-07-01,2018,3,2
Região Sudeste,2018/Jul,26.0,2018,Jul,7,2018-07-01,2018,3,2
Região Sul,2018/Jul,11.0,2018,Jul,7,2018-07-01,2018,3,2
Região Centro-Oeste,2018/Jul,4.0,2018,Jul,7,2018-07-01,2018,3,2
Região Norte,2018/Ago,3.0,2018,Ago,8,2018-08-01,2018,3,2
Região Nordeste,2018/Ago,12.0,2018,Ago,8,2018-08-01,2018,3,2
Região Sudeste,2018/Ago,25.0,2018,Ago,8,2018-08-01,2018,3,2
Região Sul,2018/Ago,10.0,2018,Ago,8,2018-08-01,2018,3,2
Região Centro-Oeste,2018/Ago,2.0,2018,Ago,8,2018-08-01,2018,3,2
Região Norte,2018/Set,1.0,2018,Set,9,2018-09-01,2018,3,2
Região Nordeste,2018/Set,18.0,2018,Set,9,2018-09-01,2018,3,2
Região Sudeste,2018/Set,30.0,2018,Set,9,2018-09-01,2018,3,2
Região Sul,2018/Set,9.0,2018,Set,9,2018-09-01,2018,3,2
Região Centro-Oeste,2018/Set,,2018,Set,9,2018-09-01,2018,3,2
Região Norte,2018/Out,5.0,2018,Out,10,2018-10-01,2018,4,2
Região Nordeste,2018/Out,9.0,2018,Out,10,2018-10-01,2018,4,2
Região Sudeste,2018/Out,25.0,2018,Out,10,2018-10-01,2018,4,2
Região Sul,2018/Out,13.0,2018,Out,10,2018-10-01,2018,4,2
Região Centro-Oeste,2018/Out,8.0,2018,Out,10,2018-10-01,2018,4,2
Região Norte,2018/Nov,2.0,2018,Nov,11,2018-11-01,2018,4,2
Região Nordeste,2018/Nov,10.0,2018,Nov,11,2018-11-01,2018,4,2
Região Sudeste,2018/Nov,16.0,2018,Nov,11,2018-11-01,2018,4,2
Região Sul,2018/Nov,22.0,2018,Nov,11,2018-11-01,2018,4,2
Região Centro-Oeste,2018/Nov,3.0,2018,Nov,11,2018-11-01,2018,4,2
Região Norte,2018/Dez,2.0,2018,Dez,12,2018-12-01,2018,4,2
Região Nordeste,2018/Dez,7.0,2018,Dez,12,2018-12-01,2018,4,2
Região Sudeste,2018/Dez,25.0,2018,Dez,12,2018-12-01,2018,4,2
Região Sul,2018/Dez,7.0,2018,Dez,12,2018-12-01,2018,4,2
Região Centro-Oeste,2018/Dez,3.0,2018,Dez,12,2018-12-01,2018,4,2
Região Norte,2019/Jan,3.0,2019,Jan,1,2019-01-01,2019,1,1
Região Nordeste,2019/Jan,5.0,2019,Jan,1,2019-01-01,2019,1,1
Região Sudeste,2019/Jan,22.0,2019,Jan,1,2019-01-01,2019,1,1
Região Sul,2019/Jan,15.0,2019,Jan,1,2019-01-01,2019,1,1
Região Centro-Oeste,2019/Jan,5.0,2019,Jan,1,2019-01-01,2019,1,1
Região Norte,2019/Fev,3.0,2019,Fev,2,2019-02-01,2019,1,1
Região Nordeste,2019/Fev,7.0,2019,Fev,2,2019-02-01,2019,1,1
Região Sudeste,2019/Fev,17.0,2019,Fev,2,2019-02-01,2019,1,1
Região Sul,2019/Fev,8.0,2019,Fev,2,2019-02-01,2019,1,1
Região Centro-Oeste,2019/Fev,2.0,2019,Fev,2,2019-02-01,2019,1,1
Região Norte,2019/Mar,1.0,2019,Mar,3,2019-03-01,2019,1,1
Região Nordeste,2019/Mar,13.0,2019,Mar,3,2019-03-01,2019,1,1
Região Sudeste,2019/Mar,16.0,2019,Mar,3,2019-03-01,2019,1,1
Região Sul,2019/Mar,8.0,2019,Mar,3,2019-03-01,2019,1,1
Região Centro-Oeste,2019/Mar,1.0,2019,Mar,3,2019-03-01,2019,1,1
Região Norte,2019/Abr,3.0,2019,Abr,4,2019-04-01,2019,2,1
Região Nordeste,2019/Abr,13.0,2019,Abr,4,2019-04-01,2019,2,1
Região Sudeste,2019/Abr,33.0,2019,Abr,4,2019-04-01,2019,2,1
Região Sul,2019/Abr,8.0,2019,Abr,4,2019-04-01,2019,2,1
Região Centro-Oeste,2019/Abr,5.0,2019,Abr,4,2019-04-01,2019,2,1
Região Norte,2019/Mai,6.0,2019,Mai,5,2019-05-01,2019,2,1
Região Nordeste,2019/Mai,14.0,2019,Mai,5,2019-05-01,2019,2,1
Região Sudeste,2019/Mai,14.0,2019,Mai,5,2019-05-01,2019,2,1
Região Sul,2019/Mai,9.0,2019,Mai,5,2019-05-01,2019,2,1
Região Centro-Oeste,2019/Mai,3.0,2019,Mai,5,2019-05-01,2019,2,1
Região Norte,2019/Jun,9.0,2019,Jun,6,2019-06-01,2019,2,1
Região Nordeste,2019/Jun,19.0,2019,Jun,6,2019-06-01,2019,2,1
Região Sudeste,2019/Jun,15.0,2019,Jun,6,2019-06-01,2019,2,1
Região Sul,2019/Jun,8.0,2019,Jun,6,2019-06-01,2019,2,1
Região Centro-Oeste,2019/Jun,2.0,2019,Jun,6,2019-06-01,2019,2,1
Região Norte,2019/Jul,5.0,2019,Jul,7,2019-07-01,2019,3,2
Região Nordeste,2019/Jul,16.0,2019,Jul,7,2019-07-01,2019,3,2
Região Sudeste,2019/Jul,22.0,2019,Jul,7,2019-07-01,2019,3,2
Região Sul,2019/Jul,14.0,2019,Jul,7,2019-07-01,2019,3,2
Região Centro-Oeste,2019/Jul,4.0,2019,Jul,7,2019-07-01,2019,3,2
Região Norte,2019/Ago,2.0,2019,Ago,8,2019-08-01,2019,3,2
Região Nordeste,2019/Ago,12.0,2019,Ago,8,2019-08-01,2019,3,2
Região Sudeste,2019/Ago,30.0,2019,Ago,8,2019-08-01,2019,3,2
Região Sul,2019/Ago,14.0,2019,Ago,8,2019-08-01,2019,3,2
Região Centro-Oeste,2019/Ago,1.0,2019,Ago,8,2019-08-01,2019,3,2
Região Norte,2019/Set,6.0,2019,Set,9,2019-09-01,2019,3,2
Região Nordeste,2019/Set,10.0,2019,Set,9,2019-09-01,2019,3,2
Região Sudeste,2019/Set,25.0,2019,Set,9,2019-09-01,2019,3,2
Região Sul,2019/Set,14.0,2019,Set,9,2019-09-01,2019,3,2
Região Centro-Oeste,2019/Set,3.0,2019,Set,9,2019-09-01,2019,3,2
Região Norte,2019/Out,3.0,2019,Out,10,2019-10-01,2019,4,2
Região Nordeste,2019/Out,15.0,2019,Out,10,2019-10-01,2019,4,2
Região Sudeste,2019/Out,21.0,2019,Out,10,2019-10-01,2019,4,2
Região Sul,2019/Out,12.0,2019,Out,10,2019-10-01,2019,4,2
Região Centro-Oeste,2019/Out,3.0,2019,Out,10,2019-10-01,2019,4,2
Região Norte,2019/Nov,6.0,2019,Nov,11,2019-11-01,2019,4,2
Região Nordeste,2019/Nov,8.0,2019,Nov,11,2019-11-01,2019,4,2
Região Sudeste,2019/Nov,16.0,2019,Nov,11,2019-11-01,2019,4,2
Região Sul,2019/Nov,6.0,2019,Nov,11,2019-11-01,2019,4,2
Região Centro-Oeste,2019/Nov,3.0,2019,Nov,11,2019-11-01,2019,4,2
Região Norte,2019/Dez,2.0,2019,Dez,12,2019-12-01,2019,4,2
Região Nordeste,2019/Dez,7.0,2019,Dez,12,2019-12-01,2019,4,2
Região Sudeste,2019/Dez,12.0,2019,Dez,12,2019-12-01,2019,4,2
Região Sul,2019/Dez,12.0,2019,Dez,12,2019-12-01,2019,4,2
Região Centro-Oeste,2019/Dez,4.0,2019,Dez,12,2019-12-01,2019,4,2
Região Norte,2020/Jan,8.0,2020,Jan,1,2020-01-01,2020,1,1
Região Nordeste,2020/Jan,14.0,2020,Jan,1,2020-01-01,2020,1,1
Região Sudeste,2020/Jan,23.0,2020,Jan,1,2020-01-01,2020,1,1
Região Sul,2020/Jan,10.0,2020,Jan,1,2020-01-01,2020,1,1
Região Centro-Oeste,2020/Jan,4.0,2020,Jan,1,2020-01-01,2020,1,1
Região Norte,2020/Fev,5.0,2020,Fev,2,2020-02-01,2020,1,1
Região Nordeste,2020/Fev,7.0,2020,Fev,2,2020-02-01,2020,1,1
Região Sudeste,2020/Fev,19.0,2020,Fev,2,2020-02-01,2020,1,1
Região Sul,2020/Fev,8.0,2020,Fev,2,2020-02-01,2020,1,1
Região Centro-Oeste,2020/Fev,1.0,2020,Fev,2,2020-02-01,2020,1,1
Região Norte,2020/Mar,2.0,2020,Mar,3,2020-03-01,2020,1,1
Região Nordeste,2020/Mar,7.0,2020,Mar,3,2020-03-01,2020,1,1
Região Sudeste,2020/Mar,17.0,2020,Mar,3,2020-03-01,2020,1,1
Região Sul,2020/Mar,7.0,2020,Mar,3,2020-03-01,2020,1,1
Região Centro-Oeste,2020/Mar,3.0,2020,Mar,3,2020-03-01,2020,1,1
Região Norte,2020/Abr,4.0,2020,Abr,4,2020-04-01,2020,2,1
Região Nordeste,2020/Abr,8.0,2020,Abr,4,2020-04-01,2020,2,1
Região Sudeste,2020/Abr,22.0,2020,Abr,4,2020-04-01,2020,2,1
Região Sul,2020/Abr,8.0,2020,Abr,4,2020-04-01,2020,2,1
Região Centro-Oeste,2020/Abr,3.0,2020,Abr,4,2020-04-01,2020,2,1
Região Norte,2020/Mai,6.0,2020,Mai,5,2020-05-01,2020,2,1
Região Nordeste,2020/Mai,7.0,2020,Mai,5,2020-05-01,2020,2,1
Região Sudeste,2020/Mai,19.0,2020,Mai,5,2020-05-01,2020,2,1
Região Sul,2020/Mai,8.0,2020,Mai,5,2020-05-01,2020,2,1
Região Centro-Oeste,2020/Mai,1.0,2020,Mai,5,2020-05-01,2020,2,1
Região Norte,2020/Jun,4.0,2020,Jun,6,2020-06-01,2020,2,1
Região Nordeste,2020/Jun,3.0,2020,Jun,6,2020-06-01,2020,2,1
Região Sudeste,2020/Jun,19.0,2020,Jun,6,2020-06-01,2020,2,1
Região Sul,2020/Jun,4.0,2020,Jun,6,2020-06-01,2020,2,1
Região Centro-Oeste,2020/Jun,1.0,2020,Jun,6,2020-06-01,2020,2,1
Região Norte,2020/Jul,2.0,2020,Jul,7,2020-07-01,2020,3,2
Região Nordeste,2020/Jul,10.0,2020,Jul,7,2020-07-01,2020,3,2
Região Sudeste,2020/Jul,17.0,2020,Jul,7,2020-07-01,2020,3,2
Região Sul,2020/Jul,7.0,2020,Jul,7,2020-07-01,2020,3,2
Região Centro-Oeste,2020/Jul,2.0,2020,Jul,7,2020-07-01,2020,3,2
Região Norte,2020/Ago,3.0,2020,Ago,8,2020-08-01,2020,3,2
Região Nordeste,2020/Ago,9.0,2020,Ago,8,2020-08-01,2020,3,2
Região Sudeste,2020/Ago,15.0,2020,Ago,8,2020-08-01,2020,3,2
Região Sul,2020/Ago,10.0,2020,Ago,8,2020-08-01,2020,3,2
Região Centro-Oeste,2020/Ago,2.0,2020,Ago,8,2020-08-01,2020,3,2
Região Norte,2020/Set,3.0,2020,Set,9,2020-09-01,2020,3,2
Região Nordeste,2020/Set,7.0,2020,Set,9,2020-09-01,2020,3,2
Região Sudeste,2020/Set,10.0,2020,Set,9,2020-09-01,2020,3,2
Região Sul,2020/Set,4.0,2020,Set,9,2020-09-01,2020,3,2
Região Centro-Oeste,2020/Set,3.0,2020,Set,9,2020-09-01,2020,3,2
Região Norte,2020/Out,3.0,2020,Out,10,2020-10-01,2020,4,2
Região Nordeste,2020/Out,5.0,2020,Out,10,2020-10-01,2020,4,2
Região Sudeste,2020/Out,9.0,2020,Out,10,2020-10-01,2020,4,2
Região Sul,2020/Out,2.0,2020,Out,10,2020-10-01,2020,4,2
Região Centro-Oeste,2020/Out,1.0,2020,Out,10,2020-10-01,2020,4,2
Região Norte,2020/Nov,3.0,2020,Nov,11,2020-11-01,2020,4,2
Região Nordeste,2020/Nov,8.0,2020,Nov,11,2020-11-01,2020,4,2
Região Sudeste,2020/Nov,18.0,2020,Nov,11,2020-11-01,2020,4,2
Região Sul,2020/Nov,3.0,2020,Nov,11,2020-11-01,2020,4,2
Região Centro-Oeste,2020/Nov,2.0,2020,Nov,11,2020-11-01,2020,4,2
Região Norte,2020/Dez,2.0,2020,Dez,12,2020-12-01,2020,4,2
Região Nordeste,2020/Dez,8.0,2020,Dez,12,2020-12-01,2020,4,2
Região Sudeste,2020/Dez,13.0,2020,Dez,12,2020-12-01,2020,4,2
Região Sul,2020/Dez,6.0,2020,Dez,12,2020-12-01,2020,4,2
Região Centro-Oeste,2020/Dez,,2020,Dez,12,2020-12-01,2020,4,2
Região Norte,2021/Jan,2.0,2021,Jan,1,2021-01-01,2021,1,1
Região Nordeste,2021/Jan,8.0,2021,Jan,1,2021-01-01,2021,1,1
Região Sudeste,2021/Jan,14.0,2021,Jan,1,2021-01-01,2021,1,1
Região Sul,2021/Jan,7.0,2021,Jan,1,2021-01-01,2021,1,1
Região Centro-Oeste,2021/Jan,1.0,2021,Jan,1,2021-01-01,2021,1,1
Região Norte,2021/Fev,2.0,2021,Fev,2,2021-02-01,2021,1,1
Região Nordeste,2021/Fev,7.0,2021,Fev,2,2021-02-01,2021,1,1
Região Sudeste,2021/Fev,14.0,2021,Fev,2,2021-02-01,2021,1,1
Região Sul,2021/Fev,7.0,2021,Fev,2,2021-02-01,2021,1,1
Região Centro-Oeste,2021/Fev,2.0,2021,Fev,2,2021-02-01,2021,1,1
Região Norte,2021/Mar,4.0,2021,Mar,3,2021-03-01,2021,1,1
Região Nordeste,2021/Mar,8.0,2021,Mar,3,2021-03-01,2021,1,1
Região Sudeste,2021/Mar,11.0,2021,Mar,3,2021-03-01,2021,1,1
Região Sul,2021/Mar,9.0,2021,Mar,3,2021-03-01,2021,1,1
Região Centro-Oeste,2021/Mar,1.0,2021,Mar,3,2021-03-01,2021,1,1
Região Norte,2021/Abr,4.0,2021,Abr,4,2021-04-01,2021,2,1
Região Nordeste,2021/Abr,6.0,2021,Abr,4,2021-04-01,2021,2,1
Região Sudeste,2021/Abr,11.0,2021,Abr,4,2021-04-01,2021,2,1
Região Sul,2021/Abr,2.0,2021,Abr,4,2021-04-01,2021,2,1
Região Centro-Oeste,2021/Abr,1.0,2021,Abr,4,2021-04-01,2021,2,1
Região Norte,2021/Mai,3.0,2021,Mai,5,2021-05-01,2021,2,1
Região Nordeste,2021/Mai,9.0,2021,Mai,5,2021-05-01,2021,2,1
Região Sudeste,2021/Mai,6.0,2021,Mai,5,2021-05-01,2021,2,1
Região Sul,2021/Mai,6.0,2021,Mai,5,2021-05-01,2021,2,1
Região Centro-Oeste,2021/Mai,,2021,Mai,5,2021-05-01,2021,2,1
Região Norte,2021/Jun,1.0,2021,Jun,6,2021-06-01,2021,2,1
Região Nordeste,2021/Jun,9.0,2021,Jun,6,2021-06-01,2021,2,1
Região Sudeste,2021/Jun,24.0,2021,Jun,6,2021-06-01,2021,2,1
Região Sul,2021/Jun,7.0,2021,Jun,6,2021-06-01,2021,2,1
Região Centro-Oeste,2021/Jun,1.0,2021,Jun,6,2021-06-01,2021,2,1
Região Norte,2021/Jul,,2021,Jul,7,2021-07-01,2021,3,2
Região Nordeste,2021/Jul,3.0,2021,Jul,7,2021-07-01,2021,3,2
Região Sudeste,2021/Jul,11.0,2021,Jul,7,2021-07-01,2021,3,2
Região Sul,2021/Jul,5.0,2021,Jul,7,2021-07-01,2021,3,2
Região Centro-Oeste,2021/Jul,,2021,Jul,7,2021-07-01,2021,3,2
Região Norte,2021/Ago,2.0,2021,Ago,8,2021-08-01,2021,3,2
Região Nordeste,2021/Ago,4.0,2021,Ago,8,2021-08-01,2021,3,2
Região Sudeste,2021/Ago,9.0,2021,Ago,8,2021-08-01,2021,3,2
Região Sul,2021/Ago,7.0,2021,Ago,8,2021-08-01,2021,3,2
Região Centro-Oeste,2021/Ago,,2021,Ago,8,2021-08-01,2021,3,2
Região Norte,2021/Set,2.0,2021,Set,9,2021-09-01,2021,3,2
Região Nordeste,2021/Set,7.0,2021,Set,9,2021-09-01,2021,3,2
Região Sudeste,2021/Set,16.0,2021,Set,9,2021-09-01,2021,3,2
Região Sul,2021/Set,12.0,2021,Set,9,2021-09-01,2021,3,2
Região Centro-Oeste,2021/Set,2.0,2021,Set,9,2021-09-01,2021,3,2
Região Norte,2021/Out,3.0,2021,Out,10,2021-10-01,2021,4,2
Região Nordeste,2021/Out,5.0,2021,Out,10,2021-10-01,2021,4,2
Região Sudeste,2021/Out,18.0,2021,Out,10,2021-10-01,2021,4,2
Região Sul,2021/Out,11.0,2021,Out,10,2021-10-01,2021,4,2
Região Centro-Oeste,2021/Out,5.0,2021,Out,10,2021-10-01,2021,4,2
Região Norte,2021/Nov,2.0,2021,Nov,11,2021-11-01,2021,4,2
Região Nordeste,2021/Nov,5.0,2021,Nov,11,2021-11-01,2021,4,2
Região Sudeste,2021/Nov,11.0,2021,Nov,11,2021-11-01,2021,4,2
Região Sul,2021/Nov,3.0,2021,Nov,11,2021-11-01,2021,4,2
Região Centro-Oeste,2021/Nov,2.0,2021,Nov,11,2021-11-01,2021,4,2
Região Norte,2021/Dez,3.0,2021,Dez,12,2021-12-01,2021,4,2
Região Nordeste,2021/Dez,10.0,2021,Dez,12,2021-12-01,2021,4,2
Região Sudeste,2021/Dez,18.0,2021,Dez,12,2021-12-01,2021,4,2
Região Sul,2021/Dez,6.0,2021,Dez,12,2021-12-01,2021,4,2
Região Centro-Oeste,2021/Dez,1.0,2021,Dez,12,2021-12-01,2021,4,2
Região Norte,2022/Jan,4.0,2022,Jan,1,2022-01-01,2022,1,1
Região Nordeste,2022/Jan,4.0,2022,Jan,1,2022-01-01,2022,1,1
Região Sudeste,2022/Jan,25.0,2022,Jan,1,2022-01-01,2022,1,1
Região Sul,2022/Jan,8.0,2022,Jan,1,2022-01-01,2022,1,1
Região Centro-Oeste,2022/Jan,1.0,2022,Jan,1,2022-01-01,2022,1,1
Região Norte,2022/Fev,8.0,2022,Fev,2,2022-02-01,2022,1,1
Região Nordeste,2022/Fev,9.0,2022,Fev,2,2022-02-01,2022,1,1
Região Sudeste,2022/Fev,17.0,2022,Fev,2,2022-02-01,2022,1,1
Região Sul,2022/Fev,6.0,2022,Fev,2,2022-02-01,2022,1,1
Região Centro-Oeste,2022/Fev,5.0,2022,Fev,2,2022-02-01,2022,1,1
Região Norte,2022/Mar,5.0,2022,Mar,3,2022-03-01,2022,1,1
Região Nordeste,2022/Mar,14.0,2022,Mar,3,2022-03-01,2022,1,1
Região Sudeste,2022/Mar,20.0,2022,Mar,3,2022-03-01,2022,1,1
Região Sul,2022/Mar,4.0,2022,Mar,3,2022-03-01,2022,1,1
Região Centro-Oeste,2022/Mar,3.0,2022,Mar,3,2022-03-01,2022,1,1
Região Norte,2022/Abr,5.0,2022,Abr,4,2022-04-01,2022,2,1
Região Nordeste,2022/Abr,9.0,2022,Abr,4,2022-04-01,2022,2,1
Região Sudeste,2022/Abr,20.0,2022,Abr,4,2022-04-01,2022,2,1
Região Sul,2022/Abr,8.0,2022,Abr,4,2022-04-01,2022,2,1
Região Centro-Oeste,2022/Abr,2.0,2022,Abr,4,2022-04-01,2022,2,1
Região Norte,2022/Mai,1.0,2022,Mai,5,2022-05-01,2022,2,1
Região Nordeste,2022/Mai,7.0,2022,Mai,5,2022-05-01,2022,2,1
Região Sudeste,2022/Mai,17.0,2022,Mai,5,2022-05-01,2022,2,1
Região Sul,2022/Mai,8.0,2022,Mai,5,2022-05-01,2022,2,1
Região Centro-Oeste,2022/Mai,1.0,2022,Mai,5,2022-05-01,2022,2,1
Região Norte,2022/Jun,4.0,2022,Jun,6,2022-06-01,2022,2,1
Região Nordeste,2022/Jun,7.0,2022,Jun,6,2022-06-01,2022,2,1
Região Sudeste,2022/Jun,21.0,2022,Jun,6,2022-06-01,2022,2,1
Região Sul,2022/Jun,5.0,2022,Jun,6,2022-06-01,2022,2,1
Região Centro-Oeste,2022/Jun,3.0,2022,Jun,6,2022-06-01,2022,2,1
Região Norte,2022/Jul,3.0,2022,Jul,7,2022-07-01,2022,3,2
Região Nordeste,2022/Jul,8.0,2022,Jul,7,2022-07-01,2022,3,2
Região Sudeste,2022/Jul,30.0,2022,Jul,7,2022-07-01,2022,3,2
Região Sul,2022/Jul,12.0,2022,Jul,7,2022-07-01,2022,3,2
Região Centro-Oeste,2022/Jul,5.0,2022,Jul,7,2022-07-01,2022,3,2
Região Norte,2022/Ago,1.0,2022,Ago,8,2022-08-01,2022,3,2
Região Nordeste,2022/Ago,6.0,2022,Ago,8,2022-08-01,2022,3,2
Região Sudeste,2022/Ago,17.0,2022,Ago,8,2022-08-01,2022,3,2
Região Sul,2022/Ago,8.0,2022,Ago,8,2022-08-01,2022,3,2
Região Centro-Oeste,2022/Ago,1.0,2022,Ago,8,2022-08-01,2022,3,2
Região Norte,2022/Set,2.0,2022,Set,9,2022-09-01,2022,3,2
Região Nordeste,2022/Set,6.0,2022,Set,9,2022-09-01,2022,3,2
Região Sudeste,2022/Set,32.0,2022,Set,9,2022-09-01,2022,3,2
Região Sul,2022/Set,12.0,2022,Set,9,2022-09-01,2022,3,2
Região Centro-Oeste,2022/Set,3.0,2022,Set,9,2022-09-01,2022,3,2
Região Norte,2022/Out,5.0,2022,Out,10,2022-10-01,2022,4,2
Região Nordeste,2022/Out,9.0,2022,Out,10,2022-10-01,2022,4,2
Região Sudeste,2022/Out,19.0,2022,Out,10,2022-10-01,2022,4,2
Região Sul,2022/Out,8.0,2022,Out,10,2022-10-01,2022,4,2
Região Centro-Oeste,2022/Out,2.0,2022,Out,10,2022-10-01,2022,4,2
Região Norte,2022/Nov,1.0,2022,Nov,11,2022-11-01,2022,4,2
Região Nordeste,2022/Nov,12.0,2022,Nov,11,2022-11-01,2022,4,2
Região Sudeste,2022/Nov,23.0,2022,Nov,11,2022-11-01,2022,4,2
Região Sul,2022/Nov,5.0,2022,Nov,11,2022-11-01,2022,4,2
Região Centro-Oeste,2022/Nov,1.0,2022,Nov,11,2022-11-01,2022,4,2
Região Norte,2022/Dez,3.0,2022,Dez,12,2022-12-01,2022,4,2
Região Nordeste,2022/Dez,10.0,2022,Dez,12,2022-12-01,2022,4,2
Região Sudeste,2022/Dez,20.0,2022,Dez,12,2022-12-01,2022,4,2
Região Sul,2022/Dez,12.0,2022,Dez,12,2022-12-01,2022,4,2
Região Centro-Oeste,2022/Dez,4.0,2022,Dez,12,2022-12-01,2022,4,2
Região Norte,2023/Jan,2.0,2023,Jan,1,2023-01-01,2023,1,1
Região Nordeste,2023/Jan,7.0,2023,Jan,1,2023-01-01,2023,1,1
Região Sudeste,2023/Jan,22.0,2023,Jan,1,2023-01-01,2023,1,1
Região Sul,2023/Jan,8.0,2023,Jan,1,2023-01-01,2023,1,1
Região Centro-Oeste,2023/Jan,1.0,2023,Jan,1,2023-01-01,2023,1,1
Região Norte,2023/Fev,2.0,2023,Fev,2,2023-02-01,2023,1,1
Região Nordeste,2023/Fev,15.0,2023,Fev,2,2023-02-01,2023,1,1
Região Sudeste,2023/Fev,19.0,2023,Fev,2,2023-02-01,2023,1,1
Região Sul,2023/Fev,6.0,2023,Fev,2,2023-02-01,2023,1,1
Região Centro-Oeste,2023/Fev,,2023,Fev,2,2023-02-01,2023,1,1
Região Norte,2023/Mar,3.0,2023,Mar,3,2023-03-01,2023,1,1
Região Nordeste,2023/Mar,11.0,2023,Mar,3,2023-03-01,2023,1,1
Região Sudeste,2023/Mar,27.0,2023,Mar,3,2023-03-01,2023,1,1
Região Sul,2023/Mar,4.0,2023,Mar,3,2023-03-01,2023,1,1
Região Centro-Oeste,2023/Mar,4.0,2023,Mar,3,2023-03-01,2023,1,1
Região Norte,2023/Abr,6.0,2023,Abr,4,2023-04-01,2023,2,1
Região Nordeste,2023/Abr,9.0,2023,Abr,4,2023-04-01,2023,2,1
Região Sudeste,2023/Abr,16.0,2023,Abr,4,2023-04-01,2023,2,1
Região Sul,2023/Abr,8.0,2023,Abr,4,2023-04-01,2023,2,1
Região Centro-Oeste,2023/Abr,5.0,2023,Abr,4,2023-04-01,2023,2,1
Região Norte,2023/Mai,3.0,2023,Mai,5,2023-05-01,2023,2,1
Região Nordeste,2023/Mai,12.0,2023,Mai,5,2023-05-01,2023,2,1
Região Sudeste,2023/Mai,24.0,2023,Mai,5,2023-05-01,2023,2,1
Região Sul,2023/Mai,5.0,2023,Mai,5,2023-05-01,2023,2,1
Região Centro-Oeste,2023/Mai,1.0,2023,Mai,5,2023-05-01,2023,2,1
Região Norte,2023/Jun,4.0,2023,Jun,6,2023-06-01,2023,2,1
Região Nordeste,2023/Jun,13.0,2023,Jun,6,2023-06-01,2023,2,1
Região Sudeste,2023/Jun,35.0,2023,Jun,6,2023-06-01,2023,2,1
Região Sul,2023/Jun,9.0,2023,Jun,6,2023-06-01,2023,2,1
Região Centro-Oeste,2023/Jun,5.0,2023,Jun,6,2023-06-01,2023,2,1
Região Norte,2023/Jul,2.0,2023,Jul,7,2023-07-01,2023,3,2
Região Nordeste,2023/Jul,14.0,2023,Jul,7,2023-07-01,2023,3,2
Região Sudeste,2023/Jul,24.0,2023,Jul,7,2023-07-01,2023,3,2
Região Sul,2023/Jul,8.0,2023,Jul,7,2023-07-01,2023,3,2
Região Centro-Oeste,2023/Jul,3.0,2023,Jul,7,2023-07-01,2023,3,2
Região Norte,2023/Ago,10.0,2023,Ago,8,2023-08-01,2023,3,2
Região Nordeste,2023/Ago,15.0,2023,Ago,8,2023-08-01,2023,3,2
Região Sudeste,2023/Ago,31.0,2023,Ago,8,2023-08-01,2023,3,2
Região Sul,2023/Ago,14.0,2023,Ago,8,2023-08-01,2023,3,2
Região Centro-Oeste,2023/Ago,4.0,2023,Ago,8,2023-08-01,2023,3,2
Região Norte,2023/Set,1.0,2023,Set,9,2023-09-01,2023,3,2
Região Nordeste,2023/Set,15.0,2023,Set,9,2023-09-01,2023,3,2
Região Sudeste,2023/Set,35.0,2023,Set,9,2023-09-01,2023,3,2
Região Sul,2023/Set,7.0,2023,Set,9,2023-09-01,2023,3,2
Região Centro-Oeste,2023/Set,4.0,2023,Set,9,2023-09-01,2023,3,2
Região Norte,2023/Out,3.0,2023,Out,10,2023-10-01,2023,4,2
Região Nordeste,2023/Out,10.0,2023,Out,10,2023-10-01,2023,4,2
Região Sudeste,2023/Out,25.0,2023,Out,10,2023-10-01,2023,4,2
Região Sul,2023/Out,11.0,2023,Out,10,2023-10-01,2023,4,2
Região Centro-Oeste,2023/Out,2.0,2023,Out,10,2023-10-01,2023,4,2
Região Norte,2023/Nov,5.0,2023,Nov,11,2023-11-01,2023,4,2
Região Nordeste,2023/Nov,8.0,2023,Nov,11,2023-11-01,2023,4,2
Região Sudeste,2023/Nov,26.0,2023,Nov,11,2023-11-01,2023,4,2
Região Sul,2023/Nov,2.0,2023,Nov,11,2023-11-01,2023,4,2
Região Centro-Oeste,2023/Nov,2.0,2023,Nov,11,2023-11-01,2023,4,2
Região Norte,2023/Dez,2.0,2023,Dez,12,2023-12-01,2023,4,2
Região Nordeste,2023/Dez,13.0,2023,Dez,12,2023-12-01,2023,4,2
Região Sudeste,2023/Dez,31.0,2023,Dez,12,2023-12-01,2023,4,2
Região Sul,2023/Dez,11.0,2023,Dez,12,2023-12-01,2023,4,2
Região Centro-Oeste,2023/Dez,4.0,2023,Dez,12,2023-12-01,2023,4,2
Região Norte,2024/Jan,7.0,2024,Jan,1,2024-01-01,2024,1,1
Região Nordeste,2024/Jan,13.0,2024,Jan,1,2024-01-01,2024,1,1
Região Sudeste,2024/Jan,28.0,2024,Jan,1,2024-01-01,2024,1,1
Região Sul,2024/Jan,4.0,2024,Jan,1,2024-01-01,2024,1,1
Região Centro-Oeste,2024/Jan,,2024,Jan,1,2024-01-01,2024,1,1
Região Norte,2024/Fev,5.0,2024,Fev,2,2024-02-01,2024,1,1
Região Nordeste,2024/Fev,7.0,2024,Fev,2,2024-02-01,2024,1,1
Região Sudeste,2024/Fev,29.0,2024,Fev,2,2024-02-01,2024,1,1
Região Sul,2024/Fev,17.0,2024,Fev,2,2024-02-01,2024,1,1
Região Centro-Oeste,2024/Fev,3.0,2024,Fev,2,2024-02-01,2024,1,1
Região Norte,2024/Mar,4.0,2024,Mar,3,2024-03-01,2024,1,1
Região Nordeste,2024/Mar,11.0,2024,Mar,3,2024-03-01,2024,1,1
Região Sudeste,2024/Mar,25.0,2024,Mar,3,2024-03-01,2024,1,1
Região Sul,2024/Mar,5.0,2024,Mar,3,2024-03-01,2024,1,1
Região Centro-Oeste,2024/Mar,4.0,2024,Mar,3,2024-03-01,2024,1,1
Região Norte,2024/Abr,5.0,2024,Abr,4,2024-04-01,2024,2,1
Região Nordeste,2024/Abr,16.0,2024,Abr,4,2024-04-01,2024,2,1
Região Sudeste,2024/Abr,36.0,2024,Abr,4,2024-04-01,2024,2,1
Região Sul,2024/Abr,7.0,2024,Abr,4,2024-04-01,2024,2,1
Região Centro-Oeste,2024/Abr,4.0,2024,Abr,4,2024-04-01,2024,2,1
Região Norte,2024/Mai,3.0,2024,Mai,5,2024-05-01,2024,2,1
Região Nordeste,2024/Mai,14.0,2024,Mai,5,2024-05-01,2024,2,1
Região Sudeste,2024/Mai,38.0,2024,Mai,5,2024-05-01,2024,2,1
Região Sul,2024/Mai,8.0,2024,Mai,5,2024-05-01,2024,2,1
Região Centro-Oeste,2024/Mai,2.0,2024,Mai,5,2024-05-01,2024,2,1
Região Norte,2024/Jun,4.0,2024,Jun,6,2024-06-01,2024,2,1
Região Nordeste,2024/Jun,11.0,2024,Jun,6,2024-06-01,2024,2,1
Região Sudeste,2024/Jun,34.0,2024,Jun,6,2024-06-01,2024,2,1
Região Sul,2024/Jun,14.0,2024,Jun,6,2024-06-01,2024,2,1
Região Centro-Oeste,2024/Jun,4.0,2024,Jun,6,2024-06-01,2024,2,1
Região Norte,2024/Jul,5.0,2024,Jul,7,2024-07-01,2024,3,2
Região Nordeste,2024/Jul,12.0,2024,Jul,7,2024-07-01,2024,3,2
Região Sudeste,2024/Jul,40.0,2024,Jul,7,2024-07-01,2024,3,2
Região Sul,2024/Jul,14.0,2024,Jul,7,2024-07-01,2024,3,2
Região Centro-Oeste,2024/Jul,7.0,2024,Jul,7,2024-07-01,2024,3,2
Região Norte,2024/Ago,,2024,Ago,8,2024-08-01,2024,3,2
Região Nordeste,2024/Ago,11.0,2024,Ago,8,2024-08-01,2024,3,2
Região Sudeste,2024/Ago,34.0,2024,Ago,8,2024-08-01,2024,3,2
Região Sul,2024/Ago,17.0,2024,Ago,8,2024-08-01,2024,3,2
Região Centro-Oeste,2024/Ago,2.0,2024,Ago,8,2024-08-01,2024,3,2
Região Norte,2024/Set,3.0,2024,Set,9,2024-09-01,2024,3,2
Região Nordeste,2024/Set,23.0,2024,Set,9,2024-09-01,2024,3,2
Região Sudeste,2024/Set,36.0,2024,Set,9,2024-09-01,2024,3,2
Região Sul,2024/Set,11.0,2024,Set,9,2024-09-01,2024,3,2
Região Centro-Oeste,2024/Set,3.0,2024,Set,9,2024-09-01,2024,3,2
Região Norte,2024/Out,4.0,2024,Out,10,2024-10-01,2024,4,2
Região Nordeste,2024/Out,9.0,2024,Out,10,2024-10-01,2024,4,2
Região Sudeste,2024/Out,37.0,2024,Out,10,2024-10-01,2024,4,2
Região Sul,2024/Out,13.0,2024,Out,10,2024-10-01,2024,4,2
Região Centro-Oeste,2024/Out,7.0,2024,Out,10,2024-10-01,2024,4,2
Região Norte,2024/Nov,2.0,2024,Nov,11,2024-11-01,2024,4,2
Região Nordeste,2024/Nov,11.0,2024,Nov,11,2024-11-01,2024,4,2
Região Sudeste,2024/Nov,24.0,2024,Nov,11,2024-11-01,2024,4,2
Região Sul,2024/Nov,10.0,2024,Nov,11,2024-11-01,2024,4,2
Região Centro-Oeste,2024/Nov,3.0,2024,Nov,11,2024-11-01,2024,4,2
Região Norte,2024/Dez,5.0,2024,Dez,12,2024-12-01,2024,4,2
Região Nordeste,2024/Dez,8.0,2024,Dez,12,2024-12-01,2024,4,2
Região Sudeste,2024/Dez,28.0,2024,Dez,12,2024-12-01,2024,4,2
Região Sul,2024/Dez,11.0,2024,Dez,12,2024-12-01,2024,4,2
Região Centro-Oeste,2024/Dez,1.0,2024,Dez,12,2024-12-01,2024,4,2
Região Norte,2025/Jan,6.0,2025,Jan,1,2025-01-01,2025,1,1
Região Nordeste,2025/Jan,6.0,2025,Jan,1,2025-01-01,2025,1,1
Região Sudeste,2025/Jan,25.0,2025,Jan,1,2025-01-01,2025,1,1
Região Sul,2025/Jan,11.0,2025,Jan,1,2025-01-01,2025,1,1
Região Centro-Oeste,2025/Jan,3.0,2025,Jan,1,2025-01-01,2025,1,1
Região Norte,2025/Fev,3.0,2025,Fev,2,2025-02-01,2025,1,1
Região Nordeste,2025/Fev,11.0,2025,Fev,2,2025-02-01,2025,1,1
Região Sudeste,2025/Fev,22.0,2025,Fev,2,2025-02-01,2025,1,1
Região Sul,2025/Fev,11.0,2025,Fev,2,2025-02-01,2025,1,1
Região Centro-Oeste,2025/Fev,2.0,2025,Fev,2,2025-02-01,2025,1,1
Região Norte,2025/Mar,5.0,2025,Mar,3,2025-03-01,2025,1,1
Região Nordeste,2025/Mar,10.0,2025,Mar,3,2025-03-01,2025,1,1
Região Sudeste,2025/Mar,22.0,2025,Mar,3,2025-03-01,2025,1,1
Região Sul,2025/Mar,6.0,2025,Mar,3,2025-03-01,2025,1,1
Região Centro-Oeste,2025/Mar,4.0,2025,Mar,3,2025-03-01,2025,1,1
Região Norte,2025/Abr,5.0,2025,Abr,4,2025-04-01,2025,2,1
Região Nordeste,2025/Abr,8.0,2025,Abr,4,2025-04-01,2025,2,1
Região Sudeste,2025/Abr,20.0,2025,Abr,4,2025-04-01,2025,2,1
Região Sul,2025/Abr,14.0,2025,Abr,4,2025-04-01,2025,2,1
Região Centro-Oeste,2025/Abr,4.0,2025,Abr,4,2025-04-01,2025,2,1
Região Norte,2025/Mai,5.0,2025,Mai,5,2025-05-01,2025,2,1
Região Nordeste,2025/Mai,8.0,2025,Mai,5,2025-05-01,2025,2,1
Região Sudeste,2025/Mai,32.0,2025,Mai,5,2025-05-01,2025,2,1
Região Sul,2025/Mai,4.0,2025,Mai,5,2025-05-01,2025,2,1
Região Centro-Oeste,2025/Mai,3.0,2025,Mai,5,2025-05-01,2025,2,1
