regiao_uf_de_notificacao,casos_confirmados,titulo,subtitulo,periodo,fonte_arquivo,tipo_dados,regiao_de_notificacao,uf_de_notificacao,sorogrupo,faixa_etaria,ano_1_sintoma_s
Região Norte,13039,MENINGITE - Casos confirmados Notificados no Sistema de Informação de Agravos de Notificação - Brasil,Casos confirmados por Região/UF de notificação,Período:2007-2024,casos_regiaoeUF.csv,casos_por_regiao_uf,,,,,
.. Rondônia,1166,MENINGITE - Casos confirmados Notificados no Sistema de Informação de Agravos de Notificação - Brasil,Casos confirmados por Região/UF de notificação,Período:2007-2024,casos_regiaoeUF.csv,casos_por_regiao_uf,,,,,
.. Acre,366,MENINGITE - Casos confirmados Notificados no Sistema de Informação de Agravos de Notificação - Brasil,Casos confirmados por Região/UF de notificação,Período:2007-2024,casos_regiaoeUF.csv,casos_por_regiao_uf,,,,,
.. Amazonas,2780,MENINGITE - Casos confirmados Notificados no Sistema de Informação de Agravos de Notificação - Brasil,Casos confirmados por Região/UF de notificação,Período:2007-2024,casos_regiaoeUF.csv,casos_por_regiao_uf,,,,,
.. Roraima,400,MENINGITE - Casos confirmados Notificados no Sistema de Informação de Agravos de Notificação - Brasil,Casos confirmados por Região/UF de notificação,Período:2007-2024,casos_regiaoeUF.csv,casos_por_regiao_uf,,,,,
.. Pará,7039,MENINGITE - Casos confirmados Notificados no Sistema de Informação de Agravos de Notificação - Brasil,Casos confirmados por Região/UF de notificação,Período:2007-2024,casos_regiaoeUF.csv,casos_por_regiao_uf,,,,,
.. Amapá,228,MENINGITE - Casos confirmados Notificados no Sistema de Informação de Agravos de Notificação - Brasil,Casos confirmados por Região/UF de notificação,Período:2007-2024,casos_regiaoeUF.csv,casos_por_regiao_uf,,,,,
.. Tocantins,1060,MENINGITE - Casos confirmados Notificados no Sistema de Informação de Agravos de Notificação - Brasil,Casos confirmados por Região/UF de notificação,Período:2007-2024,casos_regiaoeUF.csv,casos_por_regiao_uf,,,,,
Região Nordeste,57146,MENINGITE - Casos confirmados Notificados no Sistema de Informação de Agravos de Notificação - Brasil,Casos confirmados por Região/UF de notificação,Período:2007-2024,casos_regiaoeUF.csv,casos_por_regiao_uf,,,,,
.. Maranhão,2113,MENINGITE - Casos confirmados Notificados no Sistema de Informação de Agravos de Notificação - Brasil,Casos confirmados por Região/UF de notificação,Período:2007-2024,casos_regiaoeUF.csv,casos_por_regiao_uf,,,,,
.. Piauí,5527,MENINGITE - Casos confirmados Notificados no Sistema de Informação de Agravos de Notificação - Brasil,Casos confirmados por Região/UF de notificação,Período:2007-2024,casos_regiaoeUF.csv,casos_por_regiao_uf,,,,,
.. Ceará,6847,MENINGITE - Casos confirmados Notificados no Sistema de Informação de Agravos de Notificação - Brasil,Casos confirmados por Região/UF de notificação,Período:2007-2024,casos_regiaoeUF.csv,casos_por_regiao_uf,,,,,
.. Rio Grande do Norte,2278,MENINGITE - Casos confirmados Notificados no Sistema de Informação de Agravos de Notificação - Brasil,Casos confirmados por Região/UF de notificação,Período:2007-2024,casos_regiaoeUF.csv,casos_por_regiao_uf,,,,,
.. Paraíba,1291,MENINGITE - Casos confirmados Notificados no Sistema de Informação de Agravos de Notificação - Brasil,Casos confirmados por Região/UF de notificação,Período:2007-2024,casos_regiaoeUF.csv,casos_por_regiao_uf,,,,,
.. Pernambuco,20514,MENINGITE - Casos confirmados Notificados no Sistema de Informação de Agravos de Notificação - Brasil,Casos confirmados por Região/UF de notificação,Período:2007-2024,casos_regiaoeUF.csv,casos_por_regiao_uf,,,,,
.. Alagoas,2095,MENINGITE - Casos confirmados Notificados no Sistema de Informação de Agravos de Notificação - Brasil,Casos confirmados por Região/UF de notificação,Período:2007-2024,casos_regiaoeUF.csv,casos_por_regiao_uf,,,,,
.. Sergipe,859,MENINGITE - Casos confirmados Notificados no Sistema de Informação de Agravos de Notificação - Brasil,Casos confirmados por Região/UF de notificação,Período:2007-2024,casos_regiaoeUF.csv,casos_por_regiao_uf,,,,,
.. Bahia,15622,MENINGITE - Casos confirmados Notificados no Sistema de Informação de Agravos de Notificação - Brasil,Casos confirmados por Região/UF de notificação,Período:2007-2024,casos_regiaoeUF.csv,casos_por_regiao_uf,,,,,
Região Sudeste,161076,MENINGITE - Casos confirmados Notificados no Sistema de Informação de Agravos de Notificação - Brasil,Casos confirmados por Região/UF de notificação,Período:2007-2024,casos_regiaoeUF.csv,casos_por_regiao_uf,,,,,
.. Minas Gerais,17939,MENINGITE - Casos confirmados Notificados no Sistema de Informação de Agravos de Notificação - Brasil,Casos confirmados por Região/UF de notificação,Período:2007-2024,casos_regiaoeUF.csv,casos_por_regiao_uf,,,,,
.. Espírito Santo,2980,MENINGITE - Casos confirmados Notificados no Sistema de Informação de Agravos de Notificação - Brasil,Casos confirmados por Região/UF de notificação,Período:2007-2024,casos_regiaoeUF.csv,casos_por_regiao_uf,,,,,
.. Rio de Janeiro,18291,MENINGITE - Casos confirmados Notificados no Sistema de Informação de Agravos de Notificação - Brasil,Casos confirmados por Região/UF de notificação,Período:2007-2024,casos_regiaoeUF.csv,casos_por_regiao_uf,,,,,
.. São Paulo,121866,MENINGITE - Casos confirmados Notificados no Sistema de Informação de Agravos de Notificação - Brasil,Casos confirmados por Região/UF de notificação,Período:2007-2024,casos_regiaoeUF.csv,casos_por_regiao_uf,,,,,
Região Sul,62471,MENINGITE - Casos confirmados Notificados no Sistema de Informação de Agravos de Notificação - Brasil,Casos confirmados por Região/UF de notificação,Período:2007-2024,casos_regiaoeUF.csv,casos_por_regiao_uf,,,,,
.. Paraná,27240,MENINGITE - Casos confirmados Notificados no Sistema de Informação de Agravos de Notificação - Brasil,Casos confirmados por Região/UF de notificação,Período:2007-2024,casos_regiaoeUF.csv,casos_por_regiao_uf,,,,,
.. Santa Catarina,13879,MENINGITE - Casos confirmados Notificados no Sistema de Informação de Agravos de Notificação - Brasil,Casos confirmados por Região/UF de notificação,Período:2007-2024,casos_regiaoeUF.csv,casos_por_regiao_uf,,,,,
.. Rio Grande do Sul,21352,MENINGITE - Casos confirmados Notificados no Sistema de Informação de Agravos de Notificação - Brasil,Casos confirmados por Região/UF de notificação,Período:2007-2024,casos_regiaoeUF.csv,casos_por_regiao_uf,,,,,
Região Centro-Oeste,14072,MENINGITE - Casos confirmados Notificados no Sistema de Informação de Agravos de Notificação - Brasil,Casos confirmados por Região/UF de notificação,Período:2007-2024,casos_regiaoeUF.csv,casos_por_regiao_uf,,,,,
.. Mato Grosso do Sul,2823,MENINGITE - Casos confirmados Notificados no Sistema de Informação de Agravos de Notificação - Brasil,Casos confirmados por Região/UF de notificação,Período:2007-2024,casos_regiaoeUF.csv,casos_por_regiao_uf,,,,,
.. Mato Grosso,3219,MENINGITE - Casos confirmados Notificados no Sistema de Informação de Agravos de Notificação - Brasil,Casos confirmados por Região/UF de notificação,Período:2007-2024,casos_regiaoeUF.csv,casos_por_regiao_uf,,,,,
.. Goiás,5122,MENINGITE - Casos confirmados Notificados no Sistema de Informação de Agravos de Notificação - Brasil,Casos confirmados por Região/UF de notificação,Período:2007-2024,casos_regiaoeUF.csv,casos_por_regiao_uf,,,,,
.. Distrito Federal,2908,MENINGITE - Casos confirmados Notificados no Sistema de Informação de Agravos de Notificação - Brasil,Casos confirmados por Região/UF de notificação,Período:2007-2024,casos_regiaoeUF.csv,casos_por_regiao_uf,,,,,
Total,307804,MENINGITE - Casos confirmados Notificados no Sistema de Informação de Agravos de Notificação - Brasil,Casos confirmados por Região/UF de notificação,Período:2007-2024,casos_regiaoeUF.csv,casos_por_regiao_uf,,,,,
'Períodos Disponíveis' assinale o ano inicial da série e todos os posteriores até o ano atual (p/ incluir casos notificados com atraso),e em 'Seleções,MENINGITE - Casos confirmados Notificados no Sistema de Informação de Agravos de Notificação - Brasil,Casos confirmados por Região/UF de notificação,Período:2007-2024,casos_regiaoeUF.csv,casos_por_regiao_uf,,,,,
,13039,MENINGITE - Casos confirmados Notificados no Sistema de Informação de Agravos de Notificação - Brasil,Casos confirmados por Região de notificação,Período:2007-2024,casos_regiao_notif.csv,casos_por_regiao_notificacao,1 Região Norte,,,,
,57146,MENINGITE - Casos confirmados Notificados no Sistema de Informação de Agravos de Notificação - Brasil,Casos confirmados por Região de notificação,Período:2007-2024,casos_regiao_notif.csv,casos_por_regiao_notificacao,2 Região Nordeste,,,,
,161076,MENINGITE - Casos confirmados Notificados no Sistema de Informação de Agravos de Notificação - Brasil,Casos confirmados por Região de notificação,Período:2007-2024,casos_regiao_notif.csv,casos_por_regiao_notificacao,3 Região Sudeste,,,,
,62471,MENINGITE - Casos confirmados Notificados no Sistema de Informação de Agravos de Notificação - Brasil,Casos confirmados por Região de notificação,Período:2007-2024,casos_regiao_notif.csv,casos_por_regiao_notificacao,4 Região Sul,,,,
,14072,MENINGITE - Casos confirmados Notificados no Sistema de Informação de Agravos de Notificação - Brasil,Casos confirmados por Região de notificação,Período:2007-2024,casos_regiao_notif.csv,casos_por_regiao_notificacao,5 Região Centro-Oeste,,,,
,307804,MENINGITE - Casos confirmados Notificados no Sistema de Informação de Agravos de Notificação - Brasil,Casos confirmados por Região de notificação,Período:2007-2024,casos_regiao_notif.csv,casos_por_regiao_notificacao,Total,,,,
,e em 'Seleções,MENINGITE - Casos confirmados Notificados no Sistema de Informação de Agravos de Notificação - Brasil,Casos confirmados por Região de notificação,Período:2007-2024,casos_regiao_notif.csv,casos_por_regiao_notificacao,'Períodos Disponíveis' assinale o ano inicial da série e todos os posteriores até o ano atual (p/ incluir casos notificados com atraso),,,,
,1166,MENINGITE - Casos confirmados Notificados no Sistema de Informação de Agravos de Notificação - Brasil,Casos confirmados por UF de notificação,Período:2007-2024,casos_por_UF.csv,casos_por_uf,,11 Rondônia,,,
,366,MENINGITE - Casos confirmados Notificados no Sistema de Informação de Agravos de Notificação - Brasil,Casos confirmados por UF de notificação,Período:2007-2024,casos_por_UF.csv,casos_por_uf,,12 Acre,,,
,2780,MENINGITE - Casos confirmados Notificados no Sistema de Informação de Agravos de Notificação - Brasil,Casos confirmados por UF de notificação,Período:2007-2024,casos_por_UF.csv,casos_por_uf,,13 Amazonas,,,
,400,MENINGITE - Casos confirmados Notificados no Sistema de Informação de Agravos de Notificação - Brasil,Casos confirmados por UF de notificação,Período:2007-2024,casos_por_UF.csv,casos_por_uf,,14 Roraima,,,
,7039,MENINGITE - Casos confirmados Notificados no Sistema de Informação de Agravos de Notificação - Brasil,Casos confirmados por UF de notificação,Período:2007-2024,casos_por_UF.csv,casos_por_uf,,15 Pará,,,
,228,MENINGITE - Casos confirmados Notificados no Sistema de Informação de Agravos de Notificação - Brasil,Casos confirmados por UF de notificação,Período:2007-2024,casos_por_UF.csv,casos_por_uf,,16 Amapá,,,
,1060,MENINGITE - Casos confirmados Notificados no Sistema de Informação de Agravos de Notificação - Brasil,Casos confirmados por UF de notificação,Período:2007-2024,casos_por_UF.csv,casos_por_uf,,17 Tocantins,,,
,2113,MENINGITE - Casos confirmados Notificados no Sistema de Informação de Agravos de Notificação - Brasil,Casos confirmados por UF de notificação,Período:2007-2024,casos_por_UF.csv,casos_por_uf,,21 Maranhão,,,
,5527,MENINGITE - Casos confirmados Notificados no Sistema de Informação de Agravos de Notificação - Brasil,Casos confirmados por UF de notificação,Período:2007-2024,casos_por_UF.csv,casos_por_uf,,22 Piauí,,,
,6847,MENINGITE - Casos confirmados Notificados no Sistema de Informação de Agravos de Notificação - Brasil,Casos confirmados por UF de notificação,Período:2007-2024,casos_por_UF.csv,casos_por_uf,,23 Ceará,,,
,2278,MENINGITE - Casos confirmados Notificados no Sistema de Informação de Agravos de Notificação - Brasil,Casos confirmados por UF de notificação,Período:2007-2024,casos_por_UF.csv,casos_por_uf,,24 Rio Grande do Norte,,,
,1291,MENINGITE - Casos confirmados Notificados no Sistema de Informação de Agravos de Notificação - Brasil,Casos confirmados por UF de notificação,Período:2007-2024,casos_por_UF.csv,casos_por_uf,,25 Paraíba,,,
,20514,MENINGITE - Casos confirmados Notificados no Sistema de Informação de Agravos de Notificação - Brasil,Casos confirmados por UF de notificação,Período:2007-2024,casos_por_UF.csv,casos_por_uf,,26 Pernambuco,,,
,2095,MENINGITE - Casos confirmados Notificados no Sistema de Informação de Agravos de Notificação - Brasil,Casos confirmados por UF de notificação,Período:2007-2024,casos_por_UF.csv,casos_por_uf,,27 Alagoas,,,
,859,MENINGITE - Casos confirmados Notificados no Sistema de Informação de Agravos de Notificação - Brasil,Casos confirmados por UF de notificação,Período:2007-2024,casos_por_UF.csv,casos_por_uf,,28 Sergipe,,,
,15622,MENINGITE - Casos confirmados Notificados no Sistema de Informação de Agravos de Notificação - Brasil,Casos confirmados por UF de notificação,Período:2007-2024,casos_por_UF.csv,casos_por_uf,,29 Bahia,,,
,17939,MENINGITE - Casos confirmados Notificados no Sistema de Informação de Agravos de Notificação - Brasil,Casos confirmados por UF de notificação,Período:2007-2024,casos_por_UF.csv,casos_por_uf,,31 Minas Gerais,,,
,2980,MENINGITE - Casos confirmados Notificados no Sistema de Informação de Agravos de Notificação - Brasil,Casos confirmados por UF de notificação,Período:2007-2024,casos_por_UF.csv,casos_por_uf,,32 Espírito Santo,,,
,18291,MENINGITE - Casos confirmados Notificados no Sistema de Informação de Agravos de Notificação - Brasil,Casos confirmados por UF de notificação,Período:2007-2024,casos_por_UF.csv,casos_por_uf,,33 Rio de Janeiro,,,
,121866,MENINGITE - Casos confirmados Notificados no Sistema de Informação de Agravos de Notificação - Brasil,Casos confirmados por UF de notificação,Período:2007-2024,casos_por_UF.csv,casos_por_uf,,35 São Paulo,,,
,27240,MENINGITE - Casos confirmados Notificados no Sistema de Informação de Agravos de Notificação - Brasil,Casos confirmados por UF de notificação,Período:2007-2024,casos_por_UF.csv,casos_por_uf,,41 Paraná,,,
,13879,MENINGITE - Casos confirmados Notificados no Sistema de Informação de Agravos de Notificação - Brasil,Casos confirmados por UF de notificação,Período:2007-2024,casos_por_UF.csv,casos_por_uf,,42 Santa Catarina,,,
,21352,MENINGITE - Casos confirmados Notificados no Sistema de Informação de Agravos de Notificação - Brasil,Casos confirmados por UF de notificação,Período:2007-2024,casos_por_UF.csv,casos_por_uf,,43 Rio Grande do Sul,,,
,2823,MENINGITE - Casos confirmados Notificados no Sistema de Informação de Agravos de Notificação - Brasil,Casos confirmados por UF de notificação,Período:2007-2024,casos_por_UF.csv,casos_por_uf,,50 Mato Grosso do Sul,,,
,3219,MENINGITE - Casos confirmados Notificados no Sistema de Informação de Agravos de Notificação - Brasil,Casos confirmados por UF de notificação,Período:2007-2024,casos_por_UF.csv,casos_por_uf,,51 Mato Grosso,,,
,5122,MENINGITE - Casos confirmados Notificados no Sistema de Informação de Agravos de Notificação - Brasil,Casos confirmados por UF de notificação,Período:2007-2024,casos_por_UF.csv,casos_por_uf,,52 Goiás,,,
,2908,MENINGITE - Casos confirmados Notificados no Sistema de Informação de Agravos de Notificação - Brasil,Casos confirmados por UF de notificação,Período:2007-2024,casos_por_UF.csv,casos_por_uf,,53 Distrito Federal,,,
,307804,MENINGITE - Casos confirmados Notificados no Sistema de Informação de Agravos de Notificação - Brasil,Casos confirmados por UF de notificação,Período:2007-2024,casos_por_UF.csv,casos_por_uf,,Total,,,
,e em 'Seleções,MENINGITE - Casos confirmados Notificados no Sistema de Informação de Agravos de Notificação - Brasil,Casos confirmados por UF de notificação,Período:2007-2024,casos_por_UF.csv,casos_por_uf,,'Períodos Disponíveis' assinale o ano inicial da série e todos os posteriores até o ano atual (p/ incluir casos notificados com atraso),,,
,294218,MENINGITE - Casos confirmados Notificados no Sistema de Informação de Agravos de Notificação - Brasil,Casos confirmados por Sorogrupo,Período:2007-2024,casos_por_sorogrupo.csv,casos_por_sorogrupo,,,Ign/Em Branco,,
,43,MENINGITE - Casos confirmados Notificados no Sistema de Informação de Agravos de Notificação - Brasil,Casos confirmados por Sorogrupo,Período:2007-2024,casos_por_sorogrupo.csv,casos_por_sorogrupo,,,A,,
,3100,MENINGITE - Casos confirmados Notificados no Sistema de Informação de Agravos de Notificação - Brasil,Casos confirmados por Sorogrupo,Período:2007-2024,casos_por_sorogrupo.csv,casos_por_sorogrupo,,,B,,
,9221,MENINGITE - Casos confirmados Notificados no Sistema de Informação de Agravos de Notificação - Brasil,Casos confirmados por Sorogrupo,Período:2007-2024,casos_por_sorogrupo.csv,casos_por_sorogrupo,,,C,,
,1,MENINGITE - Casos confirmados Notificados no Sistema de Informação de Agravos de Notificação - Brasil,Casos confirmados por Sorogrupo,Período:2007-2024,casos_por_sorogrupo.csv,casos_por_sorogrupo,,,D,,
,13,MENINGITE - Casos confirmados Notificados no Sistema de Informação de Agravos de Notificação - Brasil,Casos confirmados por Sorogrupo,Período:2007-2024,casos_por_sorogrupo.csv,casos_por_sorogrupo,,,X,,
,315,MENINGITE - Casos confirmados Notificados no Sistema de Informação de Agravos de Notificação - Brasil,Casos confirmados por Sorogrupo,Período:2007-2024,casos_por_sorogrupo.csv,casos_por_sorogrupo,,,Y,,
,5,MENINGITE - Casos confirmados Notificados no Sistema de Informação de Agravos de Notificação - Brasil,Casos confirmados por Sorogrupo,Período:2007-2024,casos_por_sorogrupo.csv,casos_por_sorogrupo,,,Z,,
,862,MENINGITE - Casos confirmados Notificados no Sistema de Informação de Agravos de Notificação - Brasil,Casos confirmados por Sorogrupo,Período:2007-2024,casos_por_sorogrupo.csv,casos_por_sorogrupo,,,W135,,
,26,MENINGITE - Casos confirmados Notificados no Sistema de Informação de Agravos de Notificação - Brasil,Casos confirmados por Sorogrupo,Período:2007-2024,casos_por_sorogrupo.csv,casos_por_sorogrupo,,,29 E,,
,307804,MENINGITE - Casos confirmados Notificados no Sistema de Informação de Agravos de Notificação - Brasil,Casos confirmados por Sorogrupo,Período:2007-2024,casos_por_sorogrupo.csv,casos_por_sorogrupo,,,Total,,
,e em 'Seleções,MENINGITE - Casos confirmados Notificados no Sistema de Informação de Agravos de Notificação - Brasil,Casos confirmados por Sorogrupo,Período:2007-2024,casos_por_sorogrupo.csv,casos_por_sorogrupo,,,'Períodos Disponíveis' assinale o ano inicial da série e todos os posteriores até o ano atual (p/ incluir casos notificados com atraso),,
,242,MENINGITE - Casos confirmados Notificados no Sistema de Informação de Agravos de Notificação - Brasil,Casos confirmados por Faixa Etária,Período:2007-2024,casos_faixa_etaria.csv,casos_por_faixa_etaria,,,,Em branco/IGN,
,45634,MENINGITE - Casos confirmados Notificados no Sistema de Informação de Agravos de Notificação - Brasil,Casos confirmados por Faixa Etária,Período:2007-2024,casos_faixa_etaria.csv,casos_por_faixa_etaria,,,,<1 Ano,
,56560,MENINGITE - Casos confirmados Notificados no Sistema de Informação de Agravos de Notificação - Brasil,Casos confirmados por Faixa Etária,Período:2007-2024,casos_faixa_etaria.csv,casos_por_faixa_etaria,,,,1-4,
,46171,MENINGITE - Casos confirmados Notificados no Sistema de Informação de Agravos de Notificação - Brasil,Casos confirmados por Faixa Etária,Período:2007-2024,casos_faixa_etaria.csv,casos_por_faixa_etaria,,,,5-9,
,23987,MENINGITE - Casos confirmados Notificados no Sistema de Informação de Agravos de Notificação - Brasil,Casos confirmados por Faixa Etária,Período:2007-2024,casos_faixa_etaria.csv,casos_por_faixa_etaria,,,,10-14,
,15263,MENINGITE - Casos confirmados Notificados no Sistema de Informação de Agravos de Notificação - Brasil,Casos confirmados por Faixa Etária,Período:2007-2024,casos_faixa_etaria.csv,casos_por_faixa_etaria,,,,15-19,
,57560,MENINGITE - Casos confirmados Notificados no Sistema de Informação de Agravos de Notificação - Brasil,Casos confirmados por Faixa Etária,Período:2007-2024,casos_faixa_etaria.csv,casos_por_faixa_etaria,,,,20-39,
,41495,MENINGITE - Casos confirmados Notificados no Sistema de Informação de Agravos de Notificação - Brasil,Casos confirmados por Faixa Etária,Período:2007-2024,casos_faixa_etaria.csv,casos_por_faixa_etaria,,,,40-59,
,6800,MENINGITE - Casos confirmados Notificados no Sistema de Informação de Agravos de Notificação - Brasil,Casos confirmados por Faixa Etária,Período:2007-2024,casos_faixa_etaria.csv,casos_por_faixa_etaria,,,,60-64,
,5166,MENINGITE - Casos confirmados Notificados no Sistema de Informação de Agravos de Notificação - Brasil,Casos confirmados por Faixa Etária,Período:2007-2024,casos_faixa_etaria.csv,casos_por_faixa_etaria,,,,65-69,
,6358,MENINGITE - Casos confirmados Notificados no Sistema de Informação de Agravos de Notificação - Brasil,Casos confirmados por Faixa Etária,Período:2007-2024,casos_faixa_etaria.csv,casos_por_faixa_etaria,,,,70-79,
,2568,MENINGITE - Casos confirmados Notificados no Sistema de Informação de Agravos de Notificação - Brasil,Casos confirmados por Faixa Etária,Período:2007-2024,casos_faixa_etaria.csv,casos_por_faixa_etaria,,,,80 e +,
,307804,MENINGITE - Casos confirmados Notificados no Sistema de Informação de Agravos de Notificação - Brasil,Casos confirmados por Faixa Etária,Período:2007-2024,casos_faixa_etaria.csv,casos_por_faixa_etaria,,,,Total,
,e em 'Seleções,MENINGITE - Casos confirmados Notificados no Sistema de Informação de Agravos de Notificação - Brasil,Casos confirmados por Faixa Etária,Período:2007-2024,casos_faixa_etaria.csv,casos_por_faixa_etaria,,,,'Períodos Disponíveis' assinale o ano inicial da série e todos os posteriores até o ano atual (p/ incluir casos notificados com atraso),
,87,MENINGITE - Casos confirmados Notificados no Sistema de Informação de Agravos de Notificação - Brasil,Casos confirmados por Ano 1º Sintoma(s),Período:2007-2024,casos_confirmados_ano.csv,casos_confirmados_por_ano,,,,,<1975
,2,MENINGITE - Casos confirmados Notificados no Sistema de Informação de Agravos de Notificação - Brasil,Casos confirmados por Ano 1º Sintoma(s),Período:2007-2024,casos_confirmados_ano.csv,casos_confirmados_por_ano,,,,,1975
,5,MENINGITE - Casos confirmados Notificados no Sistema de Informação de Agravos de Notificação - Brasil,Casos confirmados por Ano 1º Sintoma(s),Período:2007-2024,casos_confirmados_ano.csv,casos_confirmados_por_ano,,,,,1976
,5,MENINGITE - Casos confirmados Notificados no Sistema de Informação de Agravos de Notificação - Brasil,Casos confirmados por Ano 1º Sintoma(s),Período:2007-2024,casos_confirmados_ano.csv,casos_confirmados_por_ano,,,,,1977
,3,MENINGITE - Casos confirmados Notificados no Sistema de Informação de Agravos de Notificação - Brasil,Casos confirmados por Ano 1º Sintoma(s),Período:2007-2024,casos_confirmados_ano.csv,casos_confirmados_por_ano,,,,,1978
,3,MENINGITE - Casos confirmados Notificados no Sistema de Informação de Agravos de Notificação - Brasil,Casos confirmados por Ano 1º Sintoma(s),Período:2007-2024,casos_confirmados_ano.csv,casos_confirmados_por_ano,,,,,1979
,3,MENINGITE - Casos confirmados Notificados no Sistema de Informação de Agravos de Notificação - Brasil,Casos confirmados por Ano 1º Sintoma(s),Período:2007-2024,casos_confirmados_ano.csv,casos_confirmados_por_ano,,,,,1980
,4,MENINGITE - Casos confirmados Notificados no Sistema de Informação de Agravos de Notificação - Brasil,Casos confirmados por Ano 1º Sintoma(s),Período:2007-2024,casos_confirmados_ano.csv,casos_confirmados_por_ano,,,,,1981
,5,MENINGITE - Casos confirmados Notificados no Sistema de Informação de Agravos de Notificação - Brasil,Casos confirmados por Ano 1º Sintoma(s),Período:2007-2024,casos_confirmados_ano.csv,casos_confirmados_por_ano,,,,,1982
,2,MENINGITE - Casos confirmados Notificados no Sistema de Informação de Agravos de Notificação - Brasil,Casos confirmados por Ano 1º Sintoma(s),Período:2007-2024,casos_confirmados_ano.csv,casos_confirmados_por_ano,,,,,1983
,2,MENINGITE - Casos confirmados Notificados no Sistema de Informação de Agravos de Notificação - Brasil,Casos confirmados por Ano 1º Sintoma(s),Período:2007-2024,casos_confirmados_ano.csv,casos_confirmados_por_ano,,,,,1984
,5,MENINGITE - Casos confirmados Notificados no Sistema de Informação de Agravos de Notificação - Brasil,Casos confirmados por Ano 1º Sintoma(s),Período:2007-2024,casos_confirmados_ano.csv,casos_confirmados_por_ano,,,,,1985
,4,MENINGITE - Casos confirmados Notificados no Sistema de Informação de Agravos de Notificação - Brasil,Casos confirmados por Ano 1º Sintoma(s),Período:2007-2024,casos_confirmados_ano.csv,casos_confirmados_por_ano,,,,,1986
,4,MENINGITE - Casos confirmados Notificados no Sistema de Informação de Agravos de Notificação - Brasil,Casos confirmados por Ano 1º Sintoma(s),Período:2007-2024,casos_confirmados_ano.csv,casos_confirmados_por_ano,,,,,1987
,3,MENINGITE - Casos confirmados Notificados no Sistema de Informação de Agravos de Notificação - Brasil,Casos confirmados por Ano 1º Sintoma(s),Período:2007-2024,casos_confirmados_ano.csv,casos_confirmados_por_ano,,,,,1988
,5,MENINGITE - Casos confirmados Notificados no Sistema de Informação de Agravos de Notificação - Brasil,Casos confirmados por Ano 1º Sintoma(s),Período:2007-2024,casos_confirmados_ano.csv,casos_confirmados_por_ano,,,,,1989
,2,MENINGITE - Casos confirmados Notificados no Sistema de Informação de Agravos de Notificação - Brasil,Casos confirmados por Ano 1º Sintoma(s),Período:2007-2024,casos_confirmados_ano.csv,casos_confirmados_por_ano,,,,,1990
,2,MENINGITE - Casos confirmados Notificados no Sistema de Informação de Agravos de Notificação - Brasil,Casos confirmados por Ano 1º Sintoma(s),Período:2007-2024,casos_confirmados_ano.csv,casos_confirmados_por_ano,,,,,1991
,2,MENINGITE - Casos confirmados Notificados no Sistema de Informação de Agravos de Notificação - Brasil,Casos confirmados por Ano 1º Sintoma(s),Período:2007-2024,casos_confirmados_ano.csv,casos_confirmados_por_ano,,,,,1992
,1,MENINGITE - Casos confirmados Notificados no Sistema de Informação de Agravos de Notificação - Brasil,Casos confirmados por Ano 1º Sintoma(s),Período:2007-2024,casos_confirmados_ano.csv,casos_confirmados_por_ano,,,,,1993
,2,MENINGITE - Casos confirmados Notificados no Sistema de Informação de Agravos de Notificação - Brasil,Casos confirmados por Ano 1º Sintoma(s),Período:2007-2024,casos_confirmados_ano.csv,casos_confirmados_por_ano,,,,,1994
,5,MENINGITE - Casos confirmados Notificados no Sistema de Informação de Agravos de Notificação - Brasil,Casos confirmados por Ano 1º Sintoma(s),Período:2007-2024,casos_confirmados_ano.csv,casos_confirmados_por_ano,,,,,1995
,7,MENINGITE - Casos confirmados Notificados no Sistema de Informação de Agravos de Notificação - Brasil,Casos confirmados por Ano 1º Sintoma(s),Período:2007-2024,casos_confirmados_ano.csv,casos_confirmados_por_ano,,,,,1997
,6,MENINGITE - Casos confirmados Notificados no Sistema de Informação de Agravos de Notificação - Brasil,Casos confirmados por Ano 1º Sintoma(s),Período:2007-2024,casos_confirmados_ano.csv,casos_confirmados_por_ano,,,,,1998
,1,MENINGITE - Casos confirmados Notificados no Sistema de Informação de Agravos de Notificação - Brasil,Casos confirmados por Ano 1º Sintoma(s),Período:2007-2024,casos_confirmados_ano.csv,casos_confirmados_por_ano,,,,,1999
,14,MENINGITE - Casos confirmados Notificados no Sistema de Informação de Agravos de Notificação - Brasil,Casos confirmados por Ano 1º Sintoma(s),Período:2007-2024,casos_confirmados_ano.csv,casos_confirmados_por_ano,,,,,2000
,20,MENINGITE - Casos confirmados Notificados no Sistema de Informação de Agravos de Notificação - Brasil,Casos confirmados por Ano 1º Sintoma(s),Período:2007-2024,casos_confirmados_ano.csv,casos_confirmados_por_ano,,,,,2001
,13,MENINGITE - Casos confirmados Notificados no Sistema de Informação de Agravos de Notificação - Brasil,Casos confirmados por Ano 1º Sintoma(s),Período:2007-2024,casos_confirmados_ano.csv,casos_confirmados_por_ano,,,,,2002
,11,MENINGITE - Casos confirmados Notificados no Sistema de Informação de Agravos de Notificação - Brasil,Casos confirmados por Ano 1º Sintoma(s),Período:2007-2024,casos_confirmados_ano.csv,casos_confirmados_por_ano,,,,,2003
,22,MENINGITE - Casos confirmados Notificados no Sistema de Informação de Agravos de Notificação - Brasil,Casos confirmados por Ano 1º Sintoma(s),Período:2007-2024,casos_confirmados_ano.csv,casos_confirmados_por_ano,,,,,2004
,19,MENINGITE - Casos confirmados Notificados no Sistema de Informação de Agravos de Notificação - Brasil,Casos confirmados por Ano 1º Sintoma(s),Período:2007-2024,casos_confirmados_ano.csv,casos_confirmados_por_ano,,,,,2005
,469,MENINGITE - Casos confirmados Notificados no Sistema de Informação de Agravos de Notificação - Brasil,Casos confirmados por Ano 1º Sintoma(s),Período:2007-2024,casos_confirmados_ano.csv,casos_confirmados_por_ano,,,,,2006
,29949,MENINGITE - Casos confirmados Notificados no Sistema de Informação de Agravos de Notificação - Brasil,Casos confirmados por Ano 1º Sintoma(s),Período:2007-2024,casos_confirmados_ano.csv,casos_confirmados_por_ano,,,,,2007
,24342,MENINGITE - Casos confirmados Notificados no Sistema de Informação de Agravos de Notificação - Brasil,Casos confirmados por Ano 1º Sintoma(s),Período:2007-2024,casos_confirmados_ano.csv,casos_confirmados_por_ano,,,,,2008
,22086,MENINGITE - Casos confirmados Notificados no Sistema de Informação de Agravos de Notificação - Brasil,Casos confirmados por Ano 1º Sintoma(s),Período:2007-2024,casos_confirmados_ano.csv,casos_confirmados_por_ano,,,,,2009
,20536,MENINGITE - Casos confirmados Notificados no Sistema de Informação de Agravos de Notificação - Brasil,Casos confirmados por Ano 1º Sintoma(s),Período:2007-2024,casos_confirmados_ano.csv,casos_confirmados_por_ano,,,,,2010
,20802,MENINGITE - Casos confirmados Notificados no Sistema de Informação de Agravos de Notificação - Brasil,Casos confirmados por Ano 1º Sintoma(s),Período:2007-2024,casos_confirmados_ano.csv,casos_confirmados_por_ano,,,,,2011
,21808,MENINGITE - Casos confirmados Notificados no Sistema de Informação de Agravos de Notificação - Brasil,Casos confirmados por Ano 1º Sintoma(s),Período:2007-2024,casos_confirmados_ano.csv,casos_confirmados_por_ano,,,,,2012
,19268,MENINGITE - Casos confirmados Notificados no Sistema de Informação de Agravos de Notificação - Brasil,Casos confirmados por Ano 1º Sintoma(s),Período:2007-2024,casos_confirmados_ano.csv,casos_confirmados_por_ano,,,,,2013
,17704,MENINGITE - Casos confirmados Notificados no Sistema de Informação de Agravos de Notificação - Brasil,Casos confirmados por Ano 1º Sintoma(s),Período:2007-2024,casos_confirmados_ano.csv,casos_confirmados_por_ano,,,,,2014
,16100,MENINGITE - Casos confirmados Notificados no Sistema de Informação de Agravos de Notificação - Brasil,Casos confirmados por Ano 1º Sintoma(s),Período:2007-2024,casos_confirmados_ano.csv,casos_confirmados_por_ano,,,,,2015
,15681,MENINGITE - Casos confirmados Notificados no Sistema de Informação de Agravos de Notificação - Brasil,Casos confirmados por Ano 1º Sintoma(s),Período:2007-2024,casos_confirmados_ano.csv,casos_confirmados_por_ano,,,,,2016
,17035,MENINGITE - Casos confirmados Notificados no Sistema de Informação de Agravos de Notificação - Brasil,Casos confirmados por Ano 1º Sintoma(s),Período:2007-2024,casos_confirmados_ano.csv,casos_confirmados_por_ano,,,,,2017
,17593,MENINGITE - Casos confirmados Notificados no Sistema de Informação de Agravos de Notificação - Brasil,Casos confirmados por Ano 1º Sintoma(s),Período:2007-2024,casos_confirmados_ano.csv,casos_confirmados_por_ano,,,,,2018
,16685,MENINGITE - Casos confirmados Notificados no Sistema de Informação de Agravos de Notificação - Brasil,Casos confirmados por Ano 1º Sintoma(s),Período:2007-2024,casos_confirmados_ano.csv,casos_confirmados_por_ano,,,,,2019
,7078,MENINGITE - Casos confirmados Notificados no Sistema de Informação de Agravos de Notificação - Brasil,Casos confirmados por Ano 1º Sintoma(s),Período:2007-2024,casos_confirmados_ano.csv,casos_confirmados_por_ano,,,,,2020
,6874,MENINGITE - Casos confirmados Notificados no Sistema de Informação de Agravos de Notificação - Brasil,Casos confirmados por Ano 1º Sintoma(s),Período:2007-2024,casos_confirmados_ano.csv,casos_confirmados_por_ano,,,,,2021
,12562,MENINGITE - Casos confirmados Notificados no Sistema de Informação de Agravos de Notificação - Brasil,Casos confirmados por Ano 1º Sintoma(s),Período:2007-2024,casos_confirmados_ano.csv,casos_confirmados_por_ano,,,,,2022
,16437,MENINGITE - Casos confirmados Notificados no Sistema de Informação de Agravos de Notificação - Brasil,Casos confirmados por Ano 1º Sintoma(s),Período:2007-2024,casos_confirmados_ano.csv,casos_confirmados_por_ano,,,,,2023
,4526,MENINGITE - Casos confirmados Notificados no Sistema de Informação de Agravos de Notificação - Brasil,Casos confirmados por Ano 1º Sintoma(s),Período:2007-2024,casos_confirmados_ano.csv,casos_confirmados_por_ano,,,,,2024
,307804,MENINGITE - Casos confirmados Notificados no Sistema de Informação de Agravos de Notificação - Brasil,Casos confirmados por Ano 1º Sintoma(s),Período:2007-2024,casos_confirmados_ano.csv,casos_confirmados_por_ano,,,,,Total
,e em 'Seleções,MENINGITE - Casos confirmados Notificados no Sistema de Informação de Agravos de Notificação - Brasil,Casos confirmados por Ano 1º Sintoma(s),Período:2007-2024,casos_confirmados_ano.csv,casos_confirmados_por_ano,,,,,'Períodos Disponíveis' assinale o ano inicial da série e todos os posteriores até o ano atual (p/ incluir casos notificados com atraso)
